{"stats":{"minecraft:custom":{"minecraft:mob_kills":91,"minecraft:animals_bred":2,"minecraft:interact_with_crafting_table":27,"minecraft:bell_ring":93,"minecraft:leave_game":4,"minecraft:time_since_death":152929,"minecraft:sprint_one_cm":611831,"minecraft:walk_one_cm":138203,"minecraft:damage_blocked_by_shield":1303,"minecraft:drop":5,"minecraft:talked_to_villager":18,"minecraft:play_time":152929,"minecraft:sneak_time":21232,"minecraft:walk_under_water_one_cm":11056,"minecraft:jump":3483,"minecraft:walk_on_water_one_cm":38150,"minecraft:total_world_time":152929,"minecraft:interact_with_furnace":44,"minecraft:traded_with_villager":24,"minecraft:sleep_in_bed":8,"minecraft:time_since_rest":7410,"minecraft:damage_taken":1443,"minecraft:damage_dealt":13490,"minecraft:swim_one_cm":23255,"minecraft:fly_one_cm":714073,"minecraft:open_chest":24,"minecraft:crouch_one_cm":54110,"minecraft:interact_with_smoker":6,"minecraft:fall_one_cm":97535},"minecraft:broken":{"minecraft:stone_pickaxe":1,"minecraft:stone_axe":1},"minecraft:picked_up":{"minecraft:crafting_table":8,"minecraft:oak_stairs":2,"minecraft:string":59,"minecraft:cobbled_deepslate":46,"minecraft:beef":5,"minecraft:sugar_cane":7,"minecraft:furnace":4,"minecraft:egg":1,"minecraft:raw_iron":59,"minecraft:stick":11,"minecraft:torch":3,"minecraft:porkchop":14,"minecraft:pointed_dripstone":1,"minecraft:arrow":11,"minecraft:rotten_flesh":30,"minecraft:hay_block":56,"minecraft:mutton":9,"minecraft:white_wool":8,"minecraft:cobblestone":85,"minecraft:oxeye_daisy":1,"minecraft:glow_ink_sac":12,"minecraft:andesite":9,"minecraft:leather":3,"minecraft:smoker":1,"minecraft:oak_log":58,"minecraft:gunpowder":6,"minecraft:cobblestone_stairs":2,"minecraft:lapis_lazuli":102,"minecraft:dirt":146,"minecraft:bone":10,"minecraft:apple":1,"minecraft:bow":1,"minecraft:wheat_seeds":38,"minecraft:raw_gold":22,"minecraft:oak_planks":13,"minecraft:dandelion":9,"minecraft:white_bed":6,"minecraft:spider_eye":2,"minecraft:slime_ball":5,"minecraft:diamond":72,"minecraft:oak_sapling":17,"minecraft:coal":86,"minecraft:ender_pearl":1},"minecraft:dropped":{"minecraft:wheat_seeds":2,"minecraft:pointed_dripstone":1,"minecraft:andesite":2,"minecraft:wooden_pickaxe":1},"minecraft:crafted":{"minecraft:smooth_stone":3,"minecraft:oak_planks":208,"minecraft:furnace":3,"minecraft:blast_furnace":1,"minecraft:stone":3,"minecraft:cooked_mutton":9,"minecraft:iron_boots":1,"minecraft:iron_axe":1,"minecraft:stone_pickaxe":1,"minecraft:chest":2,"minecraft:oak_fence":33,"minecraft:smoker":1,"minecraft:wheat":504,"minecraft:cooked_beef":3,"minecraft:emerald":16,"minecraft:cooked_porkchop":14,"minecraft:crafting_table":1,"minecraft:wooden_pickaxe":1,"minecraft:iron_helmet":1,"minecraft:iron_sword":1,"minecraft:smithing_table":1,"minecraft:bucket":1,"minecraft:stone_axe":1,"minecraft:bread":3,"minecraft:air":0,"minecraft:oak_fence_gate":1,"minecraft:iron_chestplate":1,"minecraft:shield":1,"minecraft:stick":40,"minecraft:iron_ingot":59,"minecraft:iron_pickaxe":1,"minecraft:iron_leggings":1,"minecraft:iron_shovel":1,"minecraft:gold_ingot":22,"minecraft:white_bed":1,"minecraft:pumpkin_pie":32,"minecraft:torch":8},"minecraft:used":{"minecraft:oak_fence":25,"minecraft:iron_shovel":152,"minecraft:chest":2,"minecraft:shield":37,"minecraft:iron_sword":153,"minecraft:torch":10,"minecraft:dirt":7,"minecraft:oak_fence_gate":1,"minecraft:iron_axe":70,"minecraft:iron_boots":1,"minecraft:beef":1,"minecraft:furnace":5,"minecraft:oak_sapling":6,"minecraft:egg":1,"minecraft:cooked_beef":4,"minecraft:cobbled_deepslate":2,"minecraft:iron_leggings":1,"minecraft:wheat_seeds":27,"minecraft:cooked_mutton":9,"minecraft:water_bucket":108,"minecraft:stone_pickaxe":131,"minecraft:oak_planks":17,"minecraft:wooden_pickaxe":27,"minecraft:sugar_cane":7,"minecraft:crafting_table":9,"minecraft:blast_furnace":1,"minecraft:white_bed":4,"minecraft:smoker":2,"minecraft:bread":3,"minecraft:iron_pickaxe":196,"minecraft:stone_axe":78,"minecraft:cobblestone":28,"minecraft:cooked_porkchop":14,"minecraft:smithing_table":1,"minecraft:bucket":109,"minecraft:andesite":5,"minecraft:pumpkin_pie":9},"minecraft:killed":{"minecraft:cave_spider":3,"minecraft:spider":10,"minecraft:slime":13,"minecraft:skeleton":7,"minecraft:pig":8,"minecraft:zombie_villager":1,"minecraft:creeper":4,"minecraft:sheep":8,"minecraft:zombie":29,"minecraft:glow_squid":2,"minecraft:cow":2,"minecraft:enderman":1},"minecraft:mined":{"minecraft:white_bed":6,"minecraft:deepslate_diamond_ore":72,"minecraft:cobblestone_stairs":2,"minecraft:grass_block":144,"minecraft:spawner":1,"minecraft:hay_block":56,"minecraft:furnace":4,"minecraft:iron_ore":60,"minecraft:fire":1,"minecraft:andesite":5,"minecraft:deepslate_lapis_ore":12,"minecraft:pointed_dripstone":1,"minecraft:rail":1,"minecraft:oak_stairs":2,"minecraft:stone":50,"minecraft:smoker":1,"minecraft:crafting_table":8,"minecraft:torch":1,"minecraft:short_grass":22,"minecraft:tall_grass":1,"minecraft:cobblestone":20,"minecraft:lapis_ore":5,"minecraft:deepslate_gold_ore":21,"minecraft:sugar_cane":3,"minecraft:oak_planks":13,"minecraft:wall_torch":2,"minecraft:coal_ore":34,"minecraft:oak_log":58,"minecraft:dripstone_block":1,"minecraft:dirt":2,"minecraft:cobweb":11,"minecraft:gold_ore":1,"minecraft:oak_leaves":44,"minecraft:deepslate":60}},"DataVersion":3700}