{"stats":{"minecraft:dropped":{"minecraft:nether_brick_stairs":4,"minecraft:crimson_stem":2,"minecraft:birch_planks":18,"minecraft:lapis_lazuli":40,"minecraft:crafting_table":1,"minecraft:iron_horse_armor":1,"minecraft:saddle":1,"minecraft:rail":8,"minecraft:cod":1,"minecraft:dirt":41,"minecraft:crimson_roots":15,"minecraft:gold_nugget":6,"minecraft:bone_meal":15,"minecraft:white_wool":435,"minecraft:gold_ingot":117,"minecraft:bone":3,"minecraft:gravel":50,"minecraft:stone_axe":9,"minecraft:crimson_fungus":2,"minecraft:blackstone":13,"minecraft:iron_nugget":24,"minecraft:cobbled_deepslate":139,"minecraft:nether_brick":60,"minecraft:pointed_dripstone":1,"minecraft:rotten_flesh":40,"minecraft:oak_planks":5,"minecraft:carrot":3,"minecraft:chainmail_chestplate":8,"minecraft:quartz_block":300,"minecraft:chainmail_boots":8,"minecraft:netherrack":1067,"minecraft:bread":2,"minecraft:wheat_seeds":2,"minecraft:oak_fence":1,"minecraft:iron_helmet":3,"minecraft:cobblestone":62,"minecraft:granite":24,"minecraft:chainmail_helmet":10,"minecraft:stick":22,"minecraft:diorite":15,"minecraft:golden_carrot":4,"minecraft:torch":15,"minecraft:potion":2,"minecraft:iron_leggings":3,"minecraft:heart_of_the_sea":1,"minecraft:iron_axe":4,"minecraft:string":57,"minecraft:bucket":2,"minecraft:kelp":41,"minecraft:tuff":8,"minecraft:iron_boots":14,"minecraft:nether_bricks":4,"minecraft:filled_map":2,"minecraft:shield":4,"minecraft:iron_chestplate":3,"minecraft:andesite":4,"minecraft:oak_boat":3,"minecraft:golden_sword":2,"minecraft:spider_eye":1,"minecraft:wooden_pickaxe":1},"minecraft:picked_up":{"minecraft:shulker_shell":42,"minecraft:iron_chestplate":4,"minecraft:wheat":14,"minecraft:smithing_table":4,"minecraft:chainmail_boots":8,"minecraft:ender_chest":1,"minecraft:anvil":1,"minecraft:lead":23,"minecraft:diamond_sword":4,"minecraft:oak_stairs":2,"minecraft:potion":3,"minecraft:enchanted_book":4,"minecraft:nether_brick":60,"minecraft:golden_sword":2,"minecraft:string":10684,"minecraft:iron_leggings":3,"minecraft:oak_sign":1,"minecraft:activator_rail":18,"minecraft:diamond_leggings":4,"minecraft:gold_nugget":78,"minecraft:cobbled_deepslate":735,"minecraft:bucket":3,"minecraft:ender_eye":11,"minecraft:azalea":1,"minecraft:iron_pickaxe":1,"minecraft:iron_boots":16,"minecraft:furnace":4,"minecraft:stick":106,"minecraft:composter":2,"minecraft:birch_trapdoor":7,"minecraft:oak_fence":10,"minecraft:torch":122,"minecraft:purpur_pillar":12,"minecraft:porkchop":18,"minecraft:pointed_dripstone":1,"minecraft:diorite":43,"minecraft:quartz_block":300,"minecraft:rotten_flesh":171,"minecraft:tropical_fish":3,"minecraft:white_terracotta":2,"minecraft:blaze_rod":12,"minecraft:obsidian":52,"minecraft:cod":2,"minecraft:cobblestone":341,"minecraft:birch_log":38,"minecraft:feather":2,"minecraft:iron_door":3,"minecraft:water_bucket":5,"minecraft:andesite":24,"minecraft:smoker":3,"minecraft:potato":15,"minecraft:flint":7,"minecraft:tuff":17,"minecraft:lapis_lazuli":514,"minecraft:dirt":593,"minecraft:name_tag":9,"minecraft:bone":190,"minecraft:bow":11,"minecraft:wheat_seeds":119,"minecraft:raw_gold":612,"minecraft:grindstone":7,"minecraft:diamond_helmet":3,"minecraft:glowstone_dust":1,"minecraft:powered_rail":11,"minecraft:moss_block":1,"minecraft:oak_planks":53,"minecraft:sand":11,"minecraft:nether_brick_stairs":4,"minecraft:ink_sac":9,"minecraft:grass_block":49,"minecraft:loom":9,"minecraft:spectral_arrow":77,"minecraft:barrel":8,"minecraft:shulker_box":5,"minecraft:dispenser":6,"minecraft:diamond":1200,"minecraft:granite":35,"minecraft:bone_meal":46,"minecraft:golden_apple":2,"minecraft:chainmail_helmet":10,"minecraft:bread":2,"minecraft:oak_sapling":146,"minecraft:netherrack":2073,"minecraft:chorus_fruit":30,"minecraft:crimson_roots":16,"minecraft:diamond_pickaxe":5,"minecraft:end_stone_bricks":11,"minecraft:crafting_table":13,"minecraft:splash_potion":1,"minecraft:chicken":5,"minecraft:nether_wart":761,"minecraft:brown_mushroom":73,"minecraft:gold_block":1,"minecraft:dragon_head":1,"minecraft:purpur_block":1,"minecraft:shield":7,"minecraft:cornflower":1,"minecraft:oak_trapdoor":1,"minecraft:elytra":1,"minecraft:iron_axe":5,"minecraft:flint_and_steel":1,"minecraft:iron_shovel":2,"minecraft:blackstone":2236,"minecraft:cracked_stone_bricks":5,"minecraft:detector_rail":3,"minecraft:beef":47,"minecraft:oak_boat":16,"minecraft:iron_nugget":51,"minecraft:light_gray_wool":59,"minecraft:spruce_slab":2,"minecraft:minecart":15,"minecraft:lectern":50,"minecraft:sugar_cane":426,"minecraft:chest":11,"minecraft:birch_sapling":10,"minecraft:egg":6,"minecraft:raw_iron":1524,"minecraft:end_stone":311,"minecraft:stone":7,"minecraft:oak_door":4,"minecraft:fire_charge":9,"minecraft:carrot":61,"minecraft:redstone":94,"minecraft:iron_horse_armor":2,"minecraft:tnt":4,"minecraft:arrow":200,"minecraft:diamond_chestplate":5,"minecraft:beetroot_seeds":5,"minecraft:pumpkin_pie":23,"minecraft:jungle_stairs":2,"minecraft:nether_bricks":4,"minecraft:diamond_boots":4,"minecraft:hay_block":56,"minecraft:saddle":4,"minecraft:gold_ingot":65,"minecraft:polished_blackstone":64,"minecraft:glow_berries":6,"minecraft:mutton":54,"minecraft:rail":198,"minecraft:white_wool":769,"minecraft:oxeye_daisy":3,"minecraft:lapis_ore":1,"minecraft:basalt":12,"minecraft:golden_carrot":50,"minecraft:glow_ink_sac":38,"minecraft:crimson_stem":9,"minecraft:leather":32,"minecraft:red_mushroom":13,"minecraft:filled_map":1,"minecraft:birch_planks":49,"minecraft:crimson_fungus":2,"minecraft:oak_log":404,"minecraft:chainmail_chestplate":8,"minecraft:yellow_bed":1,"minecraft:gunpowder":35,"minecraft:cobblestone_stairs":9,"minecraft:apple":13,"minecraft:stone_bricks":2,"minecraft:kelp":41,"minecraft:heart_of_the_sea":1,"minecraft:iron_ingot":21,"minecraft:oak_fence_gate":3,"minecraft:iron_ore":70,"minecraft:glass_bottle":2,"minecraft:iron_sword":1,"minecraft:soul_sand":59,"minecraft:book":33,"minecraft:quartz":1715,"minecraft:dandelion":13,"minecraft:gravel":68,"minecraft:white_bed":11,"minecraft:crying_obsidian":14,"minecraft:spider_eye":9,"minecraft:firework_rocket":39,"minecraft:coal_ore":18,"minecraft:slime_ball":5,"minecraft:stone_axe":9,"minecraft:short_grass":1,"minecraft:iron_helmet":5,"minecraft:diamond_axe":4,"minecraft:gray_wool":33,"minecraft:oak_button":2,"minecraft:hopper":1,"minecraft:coal":539,"minecraft:ender_pearl":41},"minecraft:custom":{"minecraft:animals_bred":49,"minecraft:interact_with_crafting_table":147,"minecraft:open_barrel":64,"minecraft:open_shulker_box":11,"minecraft:bell_ring":93,"minecraft:leave_game":53,"minecraft:time_since_death":237235,"minecraft:sprint_one_cm":4626020,"minecraft:damage_blocked_by_shield":3704,"minecraft:drop":918,"minecraft:talked_to_villager":778,"minecraft:play_time":1348813,"minecraft:deaths":5,"minecraft:jump":25240,"minecraft:interact_with_brewingstand":7,"minecraft:walk_on_water_one_cm":342556,"minecraft:enchant_item":6,"minecraft:interact_with_furnace":145,"minecraft:traded_with_villager":1355,"minecraft:interact_with_loom":2,"minecraft:sleep_in_bed":67,"minecraft:open_enderchest":4,"minecraft:damage_dealt":111842,"minecraft:player_kills":2,"minecraft:crouch_one_cm":392276,"minecraft:interact_with_smoker":25,"minecraft:inspect_dispenser":23,"minecraft:horse_one_cm":264404,"minecraft:interact_with_smithing_table":2,"minecraft:interact_with_anvil":12,"minecraft:mob_kills":598,"minecraft:inspect_hopper":132,"minecraft:climb_one_cm":4431,"minecraft:walk_one_cm":1302435,"minecraft:sneak_time":137167,"minecraft:walk_under_water_one_cm":179088,"minecraft:boat_one_cm":176962,"minecraft:interact_with_blast_furnace":84,"minecraft:total_world_time":1348813,"minecraft:interact_with_grindstone":4,"minecraft:time_since_rest":10698,"minecraft:damage_taken":16346,"minecraft:damage_absorbed":20,"minecraft:swim_one_cm":208229,"minecraft:fly_one_cm":8378754,"minecraft:open_chest":1031,"minecraft:aviate_one_cm":919523,"minecraft:fall_one_cm":733635},"minecraft:used":{"minecraft:writable_book":1,"minecraft:iron_shovel":509,"minecraft:dispenser":7,"minecraft:oak_sign":2,"minecraft:elytra":16,"minecraft:shield":128,"minecraft:chest":15,"minecraft:white_terracotta":2,"minecraft:iron_sword":240,"minecraft:nether_wart":247,"minecraft:iron_chestplate":2,"minecraft:soul_sand":35,"minecraft:carrot":51,"minecraft:tuff":6,"minecraft:obsidian":15,"minecraft:glass":1,"minecraft:lava_bucket":5,"minecraft:coal_ore":18,"minecraft:grass_block":1,"minecraft:birch_sapling":7,"minecraft:iron_helmet":2,"minecraft:birch_trapdoor":18,"minecraft:bow":106,"minecraft:oak_sapling":65,"minecraft:furnace":5,"minecraft:egg":2,"minecraft:potato":9,"minecraft:golden_boots":3,"minecraft:short_grass":1,"minecraft:end_stone_bricks":2,"minecraft:diorite":7,"minecraft:oak_planks":147,"minecraft:stone_pickaxe":131,"minecraft:powered_rail":7,"minecraft:ender_pearl":19,"minecraft:wooden_pickaxe":27,"minecraft:composter":3,"minecraft:sugar_cane":27,"minecraft:diamond_axe":715,"minecraft:golden_apple":1,"minecraft:white_wool":2,"minecraft:loom":10,"minecraft:blast_furnace":1,"minecraft:mushroom_stew":6,"minecraft:end_stone":63,"minecraft:shears":5,"minecraft:redstone_torch":1,"minecraft:lever":1,"minecraft:firework_rocket":20,"minecraft:string":8,"minecraft:bread":3,"minecraft:lectern":55,"minecraft:gravel":18,"minecraft:diamond_sword":839,"minecraft:fire_charge":1,"minecraft:chainmail_boots":1,"minecraft:grindstone":8,"minecraft:smithing_table":6,"minecraft:andesite":7,"minecraft:tropical_fish_bucket":7,"minecraft:oak_boat":13,"minecraft:bone_meal":149,"minecraft:experience_bottle":3,"minecraft:oak_fence":48,"minecraft:purpur_block":1,"minecraft:oak_trapdoor":3,"minecraft:enchanting_table":1,"minecraft:flint_and_steel":10,"minecraft:ender_chest":1,"minecraft:stone_hoe":37,"minecraft:cooked_chicken":5,"minecraft:netherrack":371,"minecraft:oak_door":4,"minecraft:torch":25,"minecraft:brewing_stand":2,"minecraft:dirt":169,"minecraft:anvil":2,"minecraft:hopper":9,"minecraft:cod_bucket":3,"minecraft:shulker_box":6,"minecraft:oak_fence_gate":5,"minecraft:bookshelf":26,"minecraft:iron_axe":433,"minecraft:iron_boots":6,"minecraft:barrel":9,"minecraft:diamond_chestplate":16,"minecraft:basalt":11,"minecraft:tripwire_hook":2,"minecraft:golden_carrot":144,"minecraft:beef":1,"minecraft:cooked_beef":39,"minecraft:cobbled_deepslate":182,"minecraft:iron_leggings":2,"minecraft:wheat_seeds":50,"minecraft:cooked_mutton":9,"minecraft:water_bucket":746,"minecraft:iron_ore":70,"minecraft:cobblestone_stairs":3,"minecraft:birch_planks":31,"minecraft:glass_bottle":3,"minecraft:brown_mushroom":5,"minecraft:fletching_table":1,"minecraft:cracked_stone_bricks":4,"minecraft:rail":113,"minecraft:crafting_table":14,"minecraft:white_bed":10,"minecraft:smoker":4,"minecraft:oak_log":24,"minecraft:ender_eye":22,"minecraft:diamond_pickaxe":7313,"minecraft:diamond_shovel":50,"minecraft:iron_pickaxe":248,"minecraft:oak_button":3,"minecraft:suspicious_stew":8,"minecraft:lapis_ore":1,"minecraft:stone_axe":78,"minecraft:cobblestone":200,"minecraft:porkchop":4,"minecraft:cooked_porkchop":14,"minecraft:bucket":763,"minecraft:pumpkin_pie":115,"minecraft:diamond_leggings":2},"minecraft:broken":{"minecraft:iron_shovel":2,"minecraft:diamond_helmet":1,"minecraft:iron_boots":1,"minecraft:stone_pickaxe":1,"minecraft:diamond_pickaxe":1,"minecraft:stone_axe":1,"minecraft:iron_sword":1,"minecraft:shield":1,"minecraft:iron_axe":1,"minecraft:iron_pickaxe":1,"minecraft:iron_helmet":1},"minecraft:killed":{"minecraft:cave_spider":4,"minecraft:witch":3,"minecraft:spider":35,"minecraft:cod":1,"minecraft:shulker":36,"minecraft:skeleton":103,"minecraft:chicken":5,"minecraft:silverfish":5,"minecraft:piglin":21,"minecraft:pig":8,"minecraft:zombie_villager":2,"minecraft:ender_dragon":1,"minecraft:creeper":29,"minecraft:sheep":37,"minecraft:zombie":172,"minecraft:glow_squid":2,"minecraft:blaze":24,"minecraft:cow":22,"minecraft:slime":13,"minecraft:bat":1,"minecraft:hoglin":1,"minecraft:squid":2,"minecraft:wither_skeleton":7,"minecraft:player":2,"minecraft:enderman":47},"minecraft:crafted":{"minecraft:black_dye":1,"minecraft:grindstone":1,"minecraft:smooth_stone":3,"minecraft:oak_planks":1488,"minecraft:chainmail_helmet":10,"minecraft:oak_sign":3,"minecraft:barrel":1,"minecraft:blaze_powder":16,"minecraft:cooked_chicken":5,"minecraft:birch_slab":6,"minecraft:loom":1,"minecraft:stone":6,"minecraft:diamond_shovel":1,"minecraft:lever":1,"minecraft:bookshelf":31,"minecraft:suspicious_stew":7,"minecraft:shulker_box":6,"minecraft:cooked_mutton":9,"minecraft:quartz_block":424,"minecraft:glass":10,"minecraft:hopper":12,"minecraft:diamond_helmet":1,"minecraft:diamond_leggings":1,"minecraft:bow":6,"minecraft:iron_boots":12,"minecraft:polished_blackstone":2176,"minecraft:chest":24,"minecraft:oak_button":1,"minecraft:cod_bucket":1,"minecraft:rail":16,"minecraft:stone_hoe":10,"minecraft:ender_eye":14,"minecraft:oak_fence":42,"minecraft:smoker":1,"minecraft:glass_bottle":9,"minecraft:oak_slab":24,"minecraft:emerald":1123,"minecraft:cooked_porkchop":14,"minecraft:diamond_axe":1,"minecraft:crafting_table":4,"minecraft:wooden_pickaxe":1,"minecraft:iron_helmet":2,"minecraft:chainmail_chestplate":8,"minecraft:smithing_table":2,"minecraft:fletching_table":1,"minecraft:brewing_stand":2,"minecraft:birch_planks":152,"minecraft:dispenser":1,"minecraft:apple":4,"minecraft:lectern":5,"minecraft:iron_chestplate":2,"minecraft:book":17,"minecraft:paper":345,"minecraft:diamond_pickaxe":2,"minecraft:shield":2,"minecraft:stick":2212,"minecraft:stone_slab":6,"minecraft:iron_ingot":761,"minecraft:iron_pickaxe":1,"minecraft:iron_block":3,"minecraft:gold_ingot":193,"minecraft:redstone_torch":1,"minecraft:composter":1,"minecraft:shears":1,"minecraft:golden_carrot":180,"minecraft:redstone":16,"minecraft:tripwire_hook":2,"minecraft:iron_nugget":47,"minecraft:experience_bottle":3,"minecraft:furnace":3,"minecraft:blast_furnace":1,"minecraft:mushroom_stew":8,"minecraft:bone_meal":171,"minecraft:oak_trapdoor":2,"minecraft:flint_and_steel":1,"minecraft:iron_axe":7,"minecraft:ender_pearl":11,"minecraft:stone_pickaxe":1,"minecraft:diamond_boots":1,"minecraft:lead":10,"minecraft:minecart":1,"minecraft:wheat":504,"minecraft:cooked_beef":38,"minecraft:sugar":1,"minecraft:crimson_planks":28,"minecraft:diamond_sword":1,"minecraft:enchanting_table":1,"minecraft:powered_rail":6,"minecraft:iron_sword":1,"minecraft:bowl":4,"minecraft:bucket":3,"minecraft:stone_axe":11,"minecraft:enchanted_book":7,"minecraft:bread":3,"minecraft:air":0,"minecraft:oak_fence_gate":2,"minecraft:oak_boat":2,"minecraft:white_wool":1466,"minecraft:golden_apple":9,"minecraft:fermented_spider_eye":1,"minecraft:chainmail_boots":12,"minecraft:birch_trapdoor":18,"minecraft:writable_book":1,"minecraft:iron_shovel":2,"minecraft:iron_leggings":2,"minecraft:anvil":1,"minecraft:white_bed":1,"minecraft:pumpkin_pie":136,"minecraft:torch":8,"minecraft:diamond_chestplate":1,"minecraft:firework_rocket":39,"minecraft:ender_chest":1},"minecraft:mined":{"minecraft:dragon_wall_head":1,"minecraft:white_bed":11,"minecraft:oak_sapling":6,"minecraft:cobblestone_stairs":9,"minecraft:obsidian":32,"minecraft:granite":10,"minecraft:grass_block":450,"minecraft:composter":2,"minecraft:hopper":1,"minecraft:oxeye_daisy":1,"minecraft:oak_wall_sign":1,"minecraft:nether_wart":242,"minecraft:spawner":3,"minecraft:iron_ore":513,"minecraft:barrel":8,"minecraft:fire":35,"minecraft:cobbled_deepslate":125,"minecraft:anvil":1,"minecraft:deepslate_lapis_ore":21,"minecraft:nether_brick_stairs":4,"minecraft:pointed_dripstone":1,"minecraft:dirt_path":6,"minecraft:oak_stairs":2,"minecraft:azalea":1,"minecraft:end_stone_bricks":9,"minecraft:spruce_slab":3,"minecraft:tripwire":2,"minecraft:deepslate_redstone_ore":9,"minecraft:brown_mushroom":18,"minecraft:blackstone":2202,"minecraft:crimson_nylium":39,"minecraft:smoker":3,"minecraft:purpur_stairs":1,"minecraft:powder_snow":3,"minecraft:torch":6,"minecraft:jungle_stairs":2,"minecraft:chest":9,"minecraft:mushroom_stem":9,"minecraft:cobblestone":83,"minecraft:nether_quartz_ore":759,"minecraft:oak_planks":48,"minecraft:sugar_cane":232,"minecraft:grindstone":7,"minecraft:iron_door":4,"minecraft:wall_torch":9,"minecraft:white_terracotta":2,"minecraft:powered_rail":2,"minecraft:birch_log":38,"minecraft:wheat":14,"minecraft:birch_trapdoor":7,"minecraft:purpur_block":1,"minecraft:oak_log":400,"minecraft:oak_fence_gate":3,"minecraft:loom":9,"minecraft:sand":11,"minecraft:dirt":60,"minecraft:dispenser":6,"minecraft:netherrack":1815,"minecraft:oak_leaves":190,"minecraft:deepslate":454,"minecraft:nether_gold_ore":18,"minecraft:diamond_ore":1,"minecraft:crying_obsidian":1,"minecraft:tuff":35,"minecraft:deepslate_diamond_ore":236,"minecraft:oak_door":4,"minecraft:end_stone":203,"minecraft:shulker_box":5,"minecraft:nether_bricks":4,"minecraft:crimson_roots":5,"minecraft:brown_mushroom_block":90,"minecraft:red_mushroom":13,"minecraft:crimson_stem":8,"minecraft:hay_block":56,"minecraft:redstone_ore":7,"minecraft:oak_trapdoor":1,"minecraft:furnace":4,"minecraft:carrots":17,"minecraft:andesite":13,"minecraft:gold_block":1,"minecraft:bookshelf":11,"minecraft:potatoes":5,"minecraft:deepslate_iron_ore":126,"minecraft:rail":112,"minecraft:chorus_plant":1,"minecraft:stone":165,"minecraft:white_wool":2,"minecraft:ender_chest":2,"minecraft:smithing_table":4,"minecraft:soul_sand":40,"minecraft:basalt":12,"minecraft:dandelion":2,"minecraft:oak_fence":10,"minecraft:crafting_table":12,"minecraft:short_grass":173,"minecraft:lectern":50,"minecraft:tall_grass":33,"minecraft:purpur_pillar":7,"minecraft:lapis_ore":10,"minecraft:deepslate_gold_ore":134,"minecraft:diorite":22,"minecraft:birch_planks":31,"minecraft:birch_leaves":11,"minecraft:yellow_bed":1,"minecraft:coal_ore":303,"minecraft:gravel":26,"minecraft:dripstone_block":1,"minecraft:cobweb":12,"minecraft:cracked_stone_bricks":5,"minecraft:oak_button":1,"minecraft:stone_bricks":2,"minecraft:gold_ore":25}},"DataVersion":3700}