{"stats":{"minecraft:killed":{"minecraft:cave_spider":3,"minecraft:witch":3,"minecraft:spider":15,"minecraft:skeleton":30,"minecraft:chicken":5,"minecraft:piglin":1,"minecraft:pig":8,"minecraft:zombie_villager":1,"minecraft:creeper":4,"minecraft:sheep":8,"minecraft:zombie":74,"minecraft:glow_squid":2,"minecraft:cow":19,"minecraft:blaze":24,"minecraft:slime":13,"minecraft:bat":1,"minecraft:squid":2,"minecraft:wither_skeleton":7,"minecraft:enderman":3},"minecraft:picked_up":{"minecraft:iron_chestplate":1,"minecraft:wheat":12,"minecraft:chainmail_boots":8,"minecraft:lead":19,"minecraft:oak_stairs":2,"minecraft:potion":3,"minecraft:enchanted_book":1,"minecraft:nether_brick":60,"minecraft:string":89,"minecraft:iron_leggings":1,"minecraft:oak_sign":1,"minecraft:gold_nugget":78,"minecraft:cobbled_deepslate":82,"minecraft:iron_pickaxe":1,"minecraft:iron_boots":5,"minecraft:furnace":4,"minecraft:stick":27,"minecraft:composter":2,"minecraft:oak_fence":9,"minecraft:torch":4,"minecraft:porkchop":14,"minecraft:pointed_dripstone":1,"minecraft:diorite":12,"minecraft:rotten_flesh":71,"minecraft:white_terracotta":2,"minecraft:blaze_rod":12,"minecraft:obsidian":10,"minecraft:cobblestone":173,"minecraft:birch_log":5,"minecraft:feather":2,"minecraft:water_bucket":1,"minecraft:andesite":22,"minecraft:smoker":3,"minecraft:potato":14,"minecraft:flint":2,"minecraft:dirt":210,"minecraft:lapis_lazuli":131,"minecraft:bone":38,"minecraft:bow":4,"minecraft:wheat_seeds":69,"minecraft:raw_gold":48,"minecraft:glowstone_dust":1,"minecraft:powered_rail":2,"minecraft:oak_planks":34,"minecraft:nether_brick_stairs":4,"minecraft:ink_sac":6,"minecraft:loom":9,"minecraft:spectral_arrow":77,"minecraft:dispenser":6,"minecraft:diamond":78,"minecraft:granite":2,"minecraft:bone_meal":1,"minecraft:oak_sapling":25,"minecraft:netherrack":1162,"minecraft:crimson_roots":2,"minecraft:crafting_table":9,"minecraft:splash_potion":1,"minecraft:chicken":5,"minecraft:nether_wart":34,"minecraft:brown_mushroom":1,"minecraft:gold_block":1,"minecraft:shield":1,"minecraft:oak_trapdoor":1,"minecraft:iron_axe":1,"minecraft:iron_shovel":1,"minecraft:blackstone":36,"minecraft:cracked_stone_bricks":4,"minecraft:beef":40,"minecraft:oak_boat":9,"minecraft:iron_nugget":51,"minecraft:light_gray_wool":33,"minecraft:minecart":2,"minecraft:lectern":37,"minecraft:sugar_cane":132,"minecraft:birch_sapling":2,"minecraft:egg":6,"minecraft:raw_iron":228,"minecraft:oak_door":4,"minecraft:fire_charge":9,"minecraft:carrot":61,"minecraft:redstone":39,"minecraft:arrow":30,"minecraft:pumpkin_pie":23,"minecraft:nether_bricks":4,"minecraft:hay_block":56,"minecraft:gold_ingot":58,"minecraft:mutton":9,"minecraft:white_wool":136,"minecraft:oxeye_daisy":1,"minecraft:crimson_stem":1,"minecraft:glow_ink_sac":22,"minecraft:leather":27,"minecraft:oak_log":74,"minecraft:chainmail_chestplate":8,"minecraft:yellow_bed":1,"minecraft:gunpowder":6,"minecraft:cobblestone_stairs":9,"minecraft:apple":1,"minecraft:oak_fence_gate":1,"minecraft:glass_bottle":2,"minecraft:soul_sand":59,"minecraft:iron_sword":1,"minecraft:quartz":18,"minecraft:dandelion":10,"minecraft:gravel":68,"minecraft:white_bed":8,"minecraft:crying_obsidian":14,"minecraft:spider_eye":4,"minecraft:slime_ball":5,"minecraft:short_grass":1,"minecraft:iron_helmet":1,"minecraft:gray_wool":15,"minecraft:oak_button":2,"minecraft:coal":280,"minecraft:ender_pearl":3},"minecraft:mined":{"minecraft:white_bed":8,"minecraft:cobblestone_stairs":9,"minecraft:obsidian":4,"minecraft:granite":1,"minecraft:grass_block":163,"minecraft:composter":2,"minecraft:oak_wall_sign":1,"minecraft:nether_wart":31,"minecraft:spawner":1,"minecraft:cobbled_deepslate":13,"minecraft:iron_ore":228,"minecraft:fire":29,"minecraft:deepslate_lapis_ore":16,"minecraft:nether_brick_stairs":4,"minecraft:pointed_dripstone":1,"minecraft:dirt_path":2,"minecraft:oak_stairs":2,"minecraft:deepslate_redstone_ore":8,"minecraft:brown_mushroom":1,"minecraft:smoker":3,"minecraft:crimson_nylium":5,"minecraft:torch":1,"minecraft:cobblestone":45,"minecraft:sugar_cane":75,"minecraft:oak_planks":34,"minecraft:wall_torch":3,"minecraft:white_terracotta":2,"minecraft:powered_rail":2,"minecraft:birch_log":5,"minecraft:wheat":12,"minecraft:oak_log":70,"minecraft:oak_fence_gate":1,"minecraft:loom":9,"minecraft:dirt":19,"minecraft:dispenser":6,"minecraft:netherrack":958,"minecraft:oak_leaves":50,"minecraft:deepslate":85,"minecraft:nether_gold_ore":18,"minecraft:crying_obsidian":1,"minecraft:deepslate_diamond_ore":78,"minecraft:oak_door":4,"minecraft:nether_bricks":4,"minecraft:crimson_roots":1,"minecraft:crimson_stem":1,"minecraft:hay_block":56,"minecraft:redstone_ore":1,"minecraft:oak_trapdoor":1,"minecraft:furnace":4,"minecraft:carrots":17,"minecraft:andesite":9,"minecraft:gold_block":1,"minecraft:potatoes":5,"minecraft:deepslate_iron_ore":2,"minecraft:rail":1,"minecraft:stone":105,"minecraft:white_wool":1,"minecraft:soul_sand":40,"minecraft:dandelion":1,"minecraft:oak_fence":9,"minecraft:crafting_table":9,"minecraft:short_grass":37,"minecraft:lectern":37,"minecraft:tall_grass":2,"minecraft:lapis_ore":5,"minecraft:deepslate_gold_ore":42,"minecraft:diorite":12,"minecraft:yellow_bed":1,"minecraft:coal_ore":225,"minecraft:gravel":20,"minecraft:dripstone_block":1,"minecraft:cobweb":11,"minecraft:cracked_stone_bricks":4,"minecraft:oak_button":1,"minecraft:gold_ore":6},"minecraft:dropped":{"minecraft:nether_brick_stairs":4,"minecraft:saddle":1,"minecraft:crimson_roots":2,"minecraft:gold_nugget":6,"minecraft:gold_ingot":116,"minecraft:gravel":50,"minecraft:iron_nugget":24,"minecraft:nether_brick":60,"minecraft:pointed_dripstone":1,"minecraft:carrot":3,"minecraft:chainmail_chestplate":8,"minecraft:chainmail_boots":8,"minecraft:netherrack":953,"minecraft:wheat_seeds":2,"minecraft:potion":2,"minecraft:string":2,"minecraft:iron_boots":2,"minecraft:nether_bricks":4,"minecraft:andesite":2,"minecraft:wooden_pickaxe":1},"minecraft:custom":{"minecraft:animals_bred":28,"minecraft:interact_with_crafting_table":67,"minecraft:bell_ring":93,"minecraft:leave_game":21,"minecraft:time_since_death":322320,"minecraft:sprint_one_cm":1623136,"minecraft:damage_blocked_by_shield":3093,"minecraft:drop":127,"minecraft:talked_to_villager":155,"minecraft:play_time":475800,"minecraft:deaths":1,"minecraft:jump":9504,"minecraft:walk_on_water_one_cm":70303,"minecraft:interact_with_furnace":85,"minecraft:traded_with_villager":123,"minecraft:interact_with_loom":2,"minecraft:sleep_in_bed":24,"minecraft:damage_dealt":38231,"minecraft:crouch_one_cm":170802,"minecraft:interact_with_smoker":17,"minecraft:inspect_dispenser":3,"minecraft:horse_one_cm":68162,"minecraft:mob_kills":230,"minecraft:walk_one_cm":482826,"minecraft:sneak_time":60278,"minecraft:walk_under_water_one_cm":44370,"minecraft:boat_one_cm":25388,"minecraft:interact_with_blast_furnace":14,"minecraft:total_world_time":475800,"minecraft:time_since_rest":35158,"minecraft:damage_taken":5744,"minecraft:damage_absorbed":20,"minecraft:swim_one_cm":53078,"minecraft:fly_one_cm":2081659,"minecraft:open_chest":195,"minecraft:fall_one_cm":261704},"minecraft:broken":{"minecraft:stone_pickaxe":1,"minecraft:stone_axe":1,"minecraft:iron_sword":1,"minecraft:iron_pickaxe":1,"minecraft:iron_helmet":1},"minecraft:used":{"minecraft:writable_book":1,"minecraft:iron_shovel":242,"minecraft:dispenser":7,"minecraft:oak_sign":2,"minecraft:chest":6,"minecraft:shield":102,"minecraft:white_terracotta":2,"minecraft:iron_sword":240,"minecraft:nether_wart":36,"minecraft:iron_chestplate":1,"minecraft:soul_sand":35,"minecraft:carrot":51,"minecraft:obsidian":4,"minecraft:birch_sapling":1,"minecraft:iron_helmet":1,"minecraft:bow":2,"minecraft:furnace":5,"minecraft:oak_sapling":6,"minecraft:egg":2,"minecraft:potato":8,"minecraft:golden_boots":3,"minecraft:short_grass":1,"minecraft:diorite":7,"minecraft:powered_rail":5,"minecraft:stone_pickaxe":131,"minecraft:oak_planks":134,"minecraft:wooden_pickaxe":27,"minecraft:composter":3,"minecraft:sugar_cane":23,"minecraft:white_wool":1,"minecraft:golden_apple":1,"minecraft:loom":10,"minecraft:blast_furnace":1,"minecraft:shears":2,"minecraft:redstone_torch":1,"minecraft:bread":3,"minecraft:lectern":38,"minecraft:gravel":18,"minecraft:diamond_sword":266,"minecraft:fire_charge":1,"minecraft:chainmail_boots":1,"minecraft:smithing_table":1,"minecraft:andesite":7,"minecraft:oak_boat":9,"minecraft:bone_meal":63,"minecraft:oak_trapdoor":3,"minecraft:oak_fence":47,"minecraft:flint_and_steel":9,"minecraft:stone_hoe":37,"minecraft:netherrack":205,"minecraft:oak_door":4,"minecraft:torch":10,"minecraft:dirt":79,"minecraft:oak_fence_gate":3,"minecraft:iron_axe":182,"minecraft:iron_boots":5,"minecraft:beef":1,"minecraft:cooked_beef":30,"minecraft:cobbled_deepslate":15,"minecraft:iron_leggings":1,"minecraft:wheat_seeds":48,"minecraft:cooked_mutton":9,"minecraft:water_bucket":237,"minecraft:cobblestone_stairs":3,"minecraft:cracked_stone_bricks":4,"minecraft:crafting_table":10,"minecraft:white_bed":7,"minecraft:smoker":4,"minecraft:diamond_pickaxe":1507,"minecraft:oak_button":2,"minecraft:iron_pickaxe":248,"minecraft:stone_axe":78,"minecraft:cobblestone":55,"minecraft:cooked_porkchop":14,"minecraft:bucket":238,"minecraft:pumpkin_pie":84},"minecraft:crafted":{"minecraft:black_dye":1,"minecraft:oak_planks":264,"minecraft:smooth_stone":3,"minecraft:oak_sign":3,"minecraft:loom":1,"minecraft:stone":3,"minecraft:bookshelf":1,"minecraft:cooked_mutton":9,"minecraft:iron_boots":1,"minecraft:chest":6,"minecraft:oak_button":1,"minecraft:rail":16,"minecraft:stone_hoe":10,"minecraft:oak_fence":42,"minecraft:smoker":1,"minecraft:oak_slab":12,"minecraft:emerald":71,"minecraft:cooked_porkchop":14,"minecraft:crafting_table":2,"minecraft:wooden_pickaxe":1,"minecraft:iron_helmet":1,"minecraft:smithing_table":1,"minecraft:chainmail_chestplate":8,"minecraft:fletching_table":1,"minecraft:birch_planks":20,"minecraft:dispenser":1,"minecraft:apple":4,"minecraft:lectern":1,"minecraft:iron_chestplate":1,"minecraft:book":4,"minecraft:paper":66,"minecraft:diamond_pickaxe":1,"minecraft:shield":1,"minecraft:stick":40,"minecraft:iron_ingot":231,"minecraft:iron_pickaxe":1,"minecraft:gold_ingot":65,"minecraft:redstone_torch":1,"minecraft:composter":1,"minecraft:shears":1,"minecraft:furnace":3,"minecraft:blast_furnace":1,"minecraft:bone_meal":108,"minecraft:oak_trapdoor":2,"minecraft:iron_axe":1,"minecraft:stone_pickaxe":1,"minecraft:lead":10,"minecraft:minecart":1,"minecraft:wheat":504,"minecraft:cooked_beef":38,"minecraft:crimson_planks":4,"minecraft:diamond_sword":1,"minecraft:powered_rail":6,"minecraft:iron_sword":1,"minecraft:bucket":2,"minecraft:stone_axe":1,"minecraft:bread":3,"minecraft:air":0,"minecraft:oak_fence_gate":2,"minecraft:oak_boat":1,"minecraft:white_wool":16,"minecraft:chainmail_boots":12,"minecraft:writable_book":1,"minecraft:iron_shovel":1,"minecraft:iron_leggings":1,"minecraft:white_bed":1,"minecraft:pumpkin_pie":84,"minecraft:torch":8}},"DataVersion":3700}