{"stats":{"minecraft:mined":{"minecraft:dragon_wall_head":1,"minecraft:oak_sapling":9,"minecraft:white_bed":14,"minecraft:sculk_vein":1,"minecraft:cobblestone_stairs":9,"minecraft:obsidian":32,"minecraft:granite":10,"minecraft:grass_block":541,"minecraft:composter":2,"minecraft:hopper":1,"minecraft:oxeye_daisy":2,"minecraft:oak_wall_sign":1,"minecraft:nether_wart":305,"minecraft:spawner":3,"minecraft:iron_ore":513,"minecraft:barrel":8,"minecraft:fire":35,"minecraft:cobbled_deepslate":125,"minecraft:anvil":1,"minecraft:deepslate_lapis_ore":21,"minecraft:nether_brick_stairs":4,"minecraft:pointed_dripstone":1,"minecraft:dirt_path":6,"minecraft:oak_stairs":2,"minecraft:azalea":1,"minecraft:end_stone_bricks":9,"minecraft:spruce_slab":3,"minecraft:tripwire":2,"minecraft:deepslate_redstone_ore":9,"minecraft:brown_mushroom":18,"minecraft:blackstone":2202,"minecraft:crimson_nylium":40,"minecraft:smoker":3,"minecraft:purpur_stairs":1,"minecraft:powder_snow":3,"minecraft:torch":6,"minecraft:jungle_stairs":2,"minecraft:chest":9,"minecraft:mushroom_stem":9,"minecraft:glass":1,"minecraft:cobblestone":83,"minecraft:nether_quartz_ore":779,"minecraft:oak_planks":62,"minecraft:sugar_cane":753,"minecraft:grindstone":7,"minecraft:iron_door":4,"minecraft:wall_torch":9,"minecraft:white_terracotta":2,"minecraft:powered_rail":4,"minecraft:birch_log":38,"minecraft:wheat":14,"minecraft:birch_trapdoor":7,"minecraft:purpur_block":1,"minecraft:oak_log":476,"minecraft:oak_fence_gate":3,"minecraft:loom":9,"minecraft:sand":11,"minecraft:dirt":119,"minecraft:dispenser":7,"minecraft:netherrack":1816,"minecraft:oak_leaves":222,"minecraft:deepslate":464,"minecraft:nether_gold_ore":18,"minecraft:diamond_ore":1,"minecraft:crying_obsidian":1,"minecraft:tuff":35,"minecraft:deepslate_diamond_ore":236,"minecraft:oak_door":4,"minecraft:end_stone":203,"minecraft:shulker_box":5,"minecraft:cobbled_deepslate_slab":8,"minecraft:nether_bricks":4,"minecraft:crimson_roots":5,"minecraft:brown_mushroom_block":90,"minecraft:red_mushroom":13,"minecraft:crimson_stem":8,"minecraft:hay_block":56,"minecraft:redstone_ore":7,"minecraft:oak_trapdoor":1,"minecraft:furnace":4,"minecraft:carrots":17,"minecraft:andesite":13,"minecraft:gold_block":1,"minecraft:bookshelf":39,"minecraft:potatoes":5,"minecraft:deepslate_iron_ore":137,"minecraft:rail":131,"minecraft:chorus_plant":1,"minecraft:stone":174,"minecraft:white_wool":2,"minecraft:ender_chest":2,"minecraft:redstone_wall_torch":1,"minecraft:smithing_table":4,"minecraft:soul_sand":76,"minecraft:basalt":12,"minecraft:dandelion":2,"minecraft:oak_fence":10,"minecraft:crafting_table":12,"minecraft:short_grass":176,"minecraft:dropper":1,"minecraft:lectern":50,"minecraft:tall_grass":33,"minecraft:purpur_pillar":7,"minecraft:lapis_ore":10,"minecraft:deepslate_gold_ore":134,"minecraft:diorite":22,"minecraft:birch_planks":31,"minecraft:birch_leaves":11,"minecraft:yellow_bed":1,"minecraft:coal_ore":304,"minecraft:gravel":26,"minecraft:dripstone_block":1,"minecraft:cobweb":12,"minecraft:cracked_stone_bricks":5,"minecraft:oak_button":3,"minecraft:stone_bricks":2,"minecraft:gold_ore":25},"minecraft:killed_by":{"minecraft:creeper":1},"minecraft:custom":{"minecraft:animals_bred":49,"minecraft:interact_with_crafting_table":161,"minecraft:open_barrel":87,"minecraft:open_shulker_box":18,"minecraft:bell_ring":93,"minecraft:leave_game":57,"minecraft:time_since_death":29009,"minecraft:sprint_one_cm":5340821,"minecraft:damage_blocked_by_shield":3704,"minecraft:drop":1544,"minecraft:talked_to_villager":942,"minecraft:play_time":1512130,"minecraft:deaths":6,"minecraft:jump":28211,"minecraft:interact_with_brewingstand":7,"minecraft:walk_on_water_one_cm":373179,"minecraft:enchant_item":6,"minecraft:interact_with_furnace":157,"minecraft:traded_with_villager":1820,"minecraft:interact_with_loom":2,"minecraft:sleep_in_bed":79,"minecraft:open_enderchest":5,"minecraft:damage_dealt":114098,"minecraft:player_kills":2,"minecraft:crouch_one_cm":408087,"minecraft:interact_with_smoker":27,"minecraft:inspect_dispenser":27,"minecraft:horse_one_cm":264404,"minecraft:interact_with_smithing_table":3,"minecraft:inspect_dropper":1,"minecraft:interact_with_anvil":15,"minecraft:mob_kills":615,"minecraft:inspect_hopper":163,"minecraft:climb_one_cm":4431,"minecraft:walk_one_cm":1525475,"minecraft:sneak_time":142195,"minecraft:walk_under_water_one_cm":180418,"minecraft:boat_one_cm":190915,"minecraft:interact_with_blast_furnace":100,"minecraft:total_world_time":1512130,"minecraft:interact_with_grindstone":4,"minecraft:time_since_rest":5904,"minecraft:damage_taken":17714,"minecraft:damage_absorbed":20,"minecraft:swim_one_cm":210828,"minecraft:fly_one_cm":9244624,"minecraft:open_chest":1229,"minecraft:aviate_one_cm":1184826,"minecraft:fall_one_cm":808506},"minecraft:killed":{"minecraft:cave_spider":4,"minecraft:witch":3,"minecraft:spider":35,"minecraft:cod":1,"minecraft:shulker":36,"minecraft:skeleton":103,"minecraft:chicken":5,"minecraft:silverfish":5,"minecraft:piglin":21,"minecraft:pig":8,"minecraft:zombie_villager":2,"minecraft:ender_dragon":1,"minecraft:creeper":29,"minecraft:sheep":37,"minecraft:zombie":176,"minecraft:glow_squid":2,"minecraft:blaze":24,"minecraft:cow":31,"minecraft:slime":13,"minecraft:bat":1,"minecraft:hoglin":1,"minecraft:squid":2,"minecraft:wither_skeleton":7,"minecraft:player":2,"minecraft:enderman":47},"minecraft:broken":{"minecraft:iron_shovel":2,"minecraft:diamond_helmet":1,"minecraft:iron_boots":1,"minecraft:stone_pickaxe":1,"minecraft:diamond_pickaxe":1,"minecraft:stone_axe":1,"minecraft:iron_sword":1,"minecraft:diamond_leggings":1,"minecraft:shield":1,"minecraft:iron_axe":1,"minecraft:iron_pickaxe":1,"minecraft:iron_helmet":1},"minecraft:dropped":{"minecraft:nether_brick_stairs":4,"minecraft:crimson_stem":2,"minecraft:lapis_lazuli":40,"minecraft:birch_planks":18,"minecraft:crafting_table":1,"minecraft:iron_horse_armor":1,"minecraft:saddle":1,"minecraft:rail":8,"minecraft:cod":1,"minecraft:dirt":41,"minecraft:crimson_roots":15,"minecraft:gold_nugget":6,"minecraft:bone_meal":15,"minecraft:white_wool":1093,"minecraft:gold_ingot":117,"minecraft:bone":3,"minecraft:gravel":50,"minecraft:crimson_fungus":2,"minecraft:stone_axe":9,"minecraft:blackstone":13,"minecraft:iron_nugget":24,"minecraft:cobbled_deepslate":139,"minecraft:nether_brick":60,"minecraft:pointed_dripstone":1,"minecraft:rotten_flesh":40,"minecraft:oak_planks":5,"minecraft:carrot":3,"minecraft:chainmail_chestplate":8,"minecraft:quartz_block":300,"minecraft:chainmail_boots":8,"minecraft:netherrack":1067,"minecraft:bread":2,"minecraft:wheat_seeds":2,"minecraft:oak_fence":1,"minecraft:iron_helmet":3,"minecraft:cobblestone":62,"minecraft:granite":24,"minecraft:chainmail_helmet":10,"minecraft:stick":23,"minecraft:diorite":15,"minecraft:golden_carrot":4,"minecraft:torch":15,"minecraft:potion":2,"minecraft:iron_leggings":3,"minecraft:heart_of_the_sea":1,"minecraft:iron_axe":4,"minecraft:string":57,"minecraft:bucket":2,"minecraft:kelp":41,"minecraft:tuff":8,"minecraft:iron_boots":14,"minecraft:nether_bricks":4,"minecraft:filled_map":2,"minecraft:shield":4,"minecraft:iron_chestplate":3,"minecraft:andesite":4,"minecraft:oak_boat":3,"minecraft:golden_sword":2,"minecraft:spider_eye":1,"minecraft:wooden_pickaxe":1},"minecraft:picked_up":{"minecraft:shulker_shell":42,"minecraft:iron_chestplate":4,"minecraft:wheat":14,"minecraft:chainmail_boots":8,"minecraft:ender_chest":1,"minecraft:anvil":1,"minecraft:smithing_table":4,"minecraft:lead":23,"minecraft:diamond_sword":5,"minecraft:oak_stairs":2,"minecraft:enchanted_book":4,"minecraft:potion":3,"minecraft:nether_brick":60,"minecraft:golden_sword":2,"minecraft:string":12542,"minecraft:iron_leggings":3,"minecraft:oak_sign":1,"minecraft:activator_rail":18,"minecraft:diamond_leggings":4,"minecraft:gold_nugget":78,"minecraft:cobbled_deepslate":755,"minecraft:bucket":3,"minecraft:redstone_torch":1,"minecraft:ender_eye":11,"minecraft:azalea":1,"minecraft:iron_pickaxe":1,"minecraft:iron_boots":16,"minecraft:furnace":4,"minecraft:stick":145,"minecraft:composter":2,"minecraft:birch_trapdoor":7,"minecraft:oak_fence":10,"minecraft:torch":122,"minecraft:purpur_pillar":12,"minecraft:porkchop":18,"minecraft:pointed_dripstone":1,"minecraft:diorite":43,"minecraft:quartz_block":300,"minecraft:rotten_flesh":173,"minecraft:tropical_fish":3,"minecraft:white_terracotta":2,"minecraft:blaze_rod":12,"minecraft:obsidian":52,"minecraft:cod":2,"minecraft:cobblestone":350,"minecraft:birch_log":38,"minecraft:feather":2,"minecraft:iron_door":3,"minecraft:water_bucket":6,"minecraft:andesite":24,"minecraft:smoker":3,"minecraft:potato":15,"minecraft:flint":7,"minecraft:tuff":17,"minecraft:lapis_lazuli":514,"minecraft:dirt":687,"minecraft:name_tag":9,"minecraft:bone":192,"minecraft:bow":11,"minecraft:wheat_seeds":119,"minecraft:raw_gold":612,"minecraft:cobbled_deepslate_slab":8,"minecraft:grindstone":7,"minecraft:diamond_helmet":3,"minecraft:glowstone_dust":1,"minecraft:powered_rail":13,"minecraft:moss_block":1,"minecraft:oak_planks":71,"minecraft:music_disc_13":1,"minecraft:dropper":1,"minecraft:sand":11,"minecraft:nether_brick_stairs":4,"minecraft:ink_sac":9,"minecraft:grass_block":139,"minecraft:loom":9,"minecraft:spectral_arrow":77,"minecraft:barrel":8,"minecraft:shulker_box":5,"minecraft:dispenser":7,"minecraft:diamond":1200,"minecraft:granite":35,"minecraft:bone_meal":47,"minecraft:golden_apple":2,"minecraft:chainmail_helmet":10,"minecraft:emerald":107,"minecraft:bread":2,"minecraft:oak_sapling":192,"minecraft:netherrack":2076,"minecraft:chorus_fruit":30,"minecraft:crimson_roots":16,"minecraft:diamond_pickaxe":7,"minecraft:end_stone_bricks":11,"minecraft:crafting_table":13,"minecraft:splash_potion":1,"minecraft:chicken":5,"minecraft:nether_wart":1007,"minecraft:brown_mushroom":73,"minecraft:gold_block":1,"minecraft:dragon_head":2,"minecraft:purpur_block":1,"minecraft:shield":7,"minecraft:cornflower":1,"minecraft:oak_trapdoor":1,"minecraft:elytra":2,"minecraft:iron_axe":5,"minecraft:flint_and_steel":1,"minecraft:iron_shovel":2,"minecraft:blackstone":2236,"minecraft:cracked_stone_bricks":5,"minecraft:detector_rail":3,"minecraft:beef":62,"minecraft:oak_boat":24,"minecraft:iron_nugget":56,"minecraft:light_gray_wool":59,"minecraft:spruce_slab":2,"minecraft:lectern":50,"minecraft:minecart":21,"minecraft:sugar_cane":1164,"minecraft:chest":11,"minecraft:birch_sapling":10,"minecraft:egg":6,"minecraft:raw_iron":1558,"minecraft:end_stone":311,"minecraft:stone":7,"minecraft:oak_door":4,"minecraft:fire_charge":9,"minecraft:carrot":62,"minecraft:redstone":94,"minecraft:iron_horse_armor":2,"minecraft:tnt":4,"minecraft:arrow":200,"minecraft:diamond_chestplate":6,"minecraft:beetroot_seeds":5,"minecraft:pumpkin_pie":23,"minecraft:jungle_stairs":2,"minecraft:nether_bricks":4,"minecraft:diamond_boots":5,"minecraft:hay_block":56,"minecraft:saddle":4,"minecraft:gold_ingot":73,"minecraft:polished_blackstone":64,"minecraft:glow_berries":6,"minecraft:mutton":54,"minecraft:white_wool":1427,"minecraft:rail":222,"minecraft:oxeye_daisy":4,"minecraft:lapis_ore":1,"minecraft:basalt":12,"minecraft:golden_carrot":50,"minecraft:glow_ink_sac":42,"minecraft:crimson_stem":9,"minecraft:leather":39,"minecraft:red_mushroom":13,"minecraft:birch_planks":49,"minecraft:filled_map":1,"minecraft:crimson_fungus":2,"minecraft:oak_log":480,"minecraft:chainmail_chestplate":8,"minecraft:yellow_bed":1,"minecraft:gunpowder":35,"minecraft:cobblestone_stairs":9,"minecraft:cooked_mutton":29,"minecraft:apple":22,"minecraft:stone_bricks":2,"minecraft:kelp":41,"minecraft:heart_of_the_sea":1,"minecraft:iron_ingot":30,"minecraft:oak_fence_gate":3,"minecraft:iron_ore":70,"minecraft:glass_bottle":2,"minecraft:iron_sword":1,"minecraft:soul_sand":95,"minecraft:book":118,"minecraft:quartz":1811,"minecraft:dandelion":13,"minecraft:gravel":68,"minecraft:lava_bucket":1,"minecraft:white_bed":14,"minecraft:crying_obsidian":14,"minecraft:spider_eye":9,"minecraft:firework_rocket":52,"minecraft:diamond_shovel":1,"minecraft:coal_ore":18,"minecraft:slime_ball":5,"minecraft:stone_axe":9,"minecraft:short_grass":1,"minecraft:iron_helmet":5,"minecraft:diamond_axe":5,"minecraft:gray_wool":33,"minecraft:oak_button":4,"minecraft:coal":541,"minecraft:hopper":1,"minecraft:ender_pearl":41},"minecraft:used":{"minecraft:writable_book":1,"minecraft:iron_shovel":509,"minecraft:oak_sign":2,"minecraft:dispenser":9,"minecraft:elytra":22,"minecraft:shield":128,"minecraft:chest":15,"minecraft:white_terracotta":2,"minecraft:iron_sword":240,"minecraft:nether_wart":282,"minecraft:iron_chestplate":2,"minecraft:soul_sand":36,"minecraft:carrot":52,"minecraft:tuff":6,"minecraft:obsidian":15,"minecraft:glass":2,"minecraft:lava_bucket":6,"minecraft:coal_ore":18,"minecraft:grass_block":17,"minecraft:birch_sapling":7,"minecraft:iron_helmet":2,"minecraft:birch_trapdoor":18,"minecraft:bow":106,"minecraft:oak_sapling":77,"minecraft:furnace":5,"minecraft:egg":2,"minecraft:potato":9,"minecraft:golden_boots":3,"minecraft:diorite":7,"minecraft:short_grass":1,"minecraft:end_stone_bricks":2,"minecraft:dropper":1,"minecraft:oak_planks":169,"minecraft:stone_pickaxe":131,"minecraft:powered_rail":9,"minecraft:ender_pearl":19,"minecraft:wooden_pickaxe":27,"minecraft:composter":3,"minecraft:sugar_cane":251,"minecraft:diamond_axe":837,"minecraft:golden_apple":1,"minecraft:white_wool":2,"minecraft:blast_furnace":1,"minecraft:loom":10,"minecraft:mushroom_stew":6,"minecraft:end_stone":63,"minecraft:shears":5,"minecraft:redstone_torch":2,"minecraft:lever":1,"minecraft:firework_rocket":27,"minecraft:string":8,"minecraft:bread":3,"minecraft:lectern":55,"minecraft:gravel":18,"minecraft:diamond_sword":863,"minecraft:fire_charge":1,"minecraft:chainmail_boots":1,"minecraft:grindstone":8,"minecraft:smithing_table":6,"minecraft:andesite":7,"minecraft:tropical_fish_bucket":7,"minecraft:oak_boat":21,"minecraft:bone_meal":149,"minecraft:experience_bottle":3,"minecraft:oak_fence":48,"minecraft:purpur_block":1,"minecraft:oak_trapdoor":3,"minecraft:enchanting_table":1,"minecraft:flint_and_steel":10,"minecraft:ender_chest":1,"minecraft:stone_hoe":38,"minecraft:cooked_chicken":5,"minecraft:netherrack":372,"minecraft:oak_door":4,"minecraft:torch":25,"minecraft:brewing_stand":2,"minecraft:dirt":301,"minecraft:anvil":2,"minecraft:hopper":9,"minecraft:cod_bucket":3,"minecraft:shulker_box":6,"minecraft:oak_fence_gate":5,"minecraft:bookshelf":54,"minecraft:iron_axe":433,"minecraft:iron_boots":6,"minecraft:barrel":9,"minecraft:diamond_chestplate":21,"minecraft:basalt":11,"minecraft:tripwire_hook":2,"minecraft:golden_carrot":144,"minecraft:beef":1,"minecraft:minecart":3,"minecraft:cooked_beef":39,"minecraft:cobbled_deepslate":182,"minecraft:iron_leggings":2,"minecraft:wheat_seeds":50,"minecraft:cooked_mutton":29,"minecraft:water_bucket":948,"minecraft:iron_ore":70,"minecraft:cobblestone_stairs":3,"minecraft:birch_planks":31,"minecraft:glass_bottle":3,"minecraft:brown_mushroom":5,"minecraft:fletching_table":1,"minecraft:cracked_stone_bricks":4,"minecraft:rail":133,"minecraft:crafting_table":14,"minecraft:white_bed":10,"minecraft:smoker":4,"minecraft:oak_log":35,"minecraft:ender_eye":22,"minecraft:diamond_pickaxe":7455,"minecraft:diamond_shovel":224,"minecraft:iron_pickaxe":248,"minecraft:oak_button":6,"minecraft:suspicious_stew":8,"minecraft:lapis_ore":1,"minecraft:stone_axe":78,"minecraft:cobblestone":201,"minecraft:cobbled_deepslate_slab":190,"minecraft:porkchop":4,"minecraft:cooked_porkchop":14,"minecraft:bucket":964,"minecraft:pumpkin_pie":136,"minecraft:diamond_leggings":2},"minecraft:crafted":{"minecraft:black_dye":1,"minecraft:grindstone":1,"minecraft:smooth_stone":3,"minecraft:oak_planks":1748,"minecraft:chainmail_helmet":10,"minecraft:oak_sign":3,"minecraft:barrel":1,"minecraft:blaze_powder":16,"minecraft:cooked_chicken":5,"minecraft:birch_slab":6,"minecraft:loom":1,"minecraft:stone":6,"minecraft:lever":1,"minecraft:diamond_shovel":1,"minecraft:bookshelf":59,"minecraft:suspicious_stew":7,"minecraft:shulker_box":6,"minecraft:cooked_mutton":54,"minecraft:quartz_block":424,"minecraft:glass":178,"minecraft:hopper":12,"minecraft:diamond_helmet":1,"minecraft:diamond_leggings":1,"minecraft:bow":6,"minecraft:iron_boots":12,"minecraft:polished_blackstone":2176,"minecraft:chest":24,"minecraft:oak_button":2,"minecraft:cod_bucket":1,"minecraft:rail":16,"minecraft:stone_hoe":10,"minecraft:ender_eye":14,"minecraft:oak_fence":42,"minecraft:smoker":1,"minecraft:glass_bottle":9,"minecraft:dropper":1,"minecraft:oak_slab":24,"minecraft:emerald":1479,"minecraft:cooked_porkchop":14,"minecraft:diamond_axe":1,"minecraft:crafting_table":4,"minecraft:wooden_pickaxe":1,"minecraft:iron_helmet":2,"minecraft:chainmail_chestplate":8,"minecraft:smithing_table":2,"minecraft:fletching_table":1,"minecraft:brewing_stand":2,"minecraft:birch_planks":152,"minecraft:dispenser":2,"minecraft:apple":8,"minecraft:lectern":5,"minecraft:iron_chestplate":2,"minecraft:book":17,"minecraft:paper":516,"minecraft:diamond_pickaxe":2,"minecraft:shield":2,"minecraft:stick":2732,"minecraft:stone_slab":6,"minecraft:compass":7,"minecraft:iron_ingot":976,"minecraft:iron_pickaxe":1,"minecraft:iron_block":3,"minecraft:gold_ingot":252,"minecraft:redstone_torch":3,"minecraft:composter":1,"minecraft:shears":1,"minecraft:golden_carrot":180,"minecraft:cobbled_deepslate_slab":288,"minecraft:redstone":16,"minecraft:tripwire_hook":2,"minecraft:iron_nugget":47,"minecraft:experience_bottle":3,"minecraft:furnace":3,"minecraft:blast_furnace":1,"minecraft:mushroom_stew":8,"minecraft:bone_meal":171,"minecraft:oak_trapdoor":2,"minecraft:flint_and_steel":1,"minecraft:lantern":26,"minecraft:iron_axe":7,"minecraft:ender_pearl":11,"minecraft:stone_pickaxe":1,"minecraft:diamond_boots":1,"minecraft:lead":10,"minecraft:minecart":3,"minecraft:wheat":504,"minecraft:cooked_beef":38,"minecraft:sugar":1,"minecraft:crimson_planks":28,"minecraft:diamond_sword":1,"minecraft:enchanting_table":1,"minecraft:powered_rail":6,"minecraft:iron_sword":1,"minecraft:bowl":4,"minecraft:bucket":3,"minecraft:stone_axe":11,"minecraft:enchanted_book":12,"minecraft:bread":3,"minecraft:air":0,"minecraft:oak_fence_gate":2,"minecraft:oak_boat":2,"minecraft:white_wool":2090,"minecraft:golden_apple":15,"minecraft:fermented_spider_eye":1,"minecraft:chainmail_boots":12,"minecraft:birch_trapdoor":18,"minecraft:writable_book":1,"minecraft:iron_shovel":2,"minecraft:iron_leggings":2,"minecraft:anvil":1,"minecraft:white_bed":1,"minecraft:pumpkin_pie":136,"minecraft:torch":8,"minecraft:firework_rocket":39,"minecraft:diamond_chestplate":1,"minecraft:ender_chest":1}},"DataVersion":3700}