{"stats":{"minecraft:dropped":{"minecraft:nether_brick_stairs":4,"minecraft:birch_planks":18,"minecraft:saddle":1,"minecraft:rail":8,"minecraft:cod":1,"minecraft:dirt":8,"minecraft:crimson_roots":2,"minecraft:gold_nugget":6,"minecraft:bone_meal":15,"minecraft:gold_ingot":117,"minecraft:gravel":50,"minecraft:iron_nugget":24,"minecraft:cobbled_deepslate":103,"minecraft:nether_brick":60,"minecraft:pointed_dripstone":1,"minecraft:rotten_flesh":31,"minecraft:oak_planks":5,"minecraft:carrot":3,"minecraft:chainmail_chestplate":8,"minecraft:chainmail_boots":8,"minecraft:netherrack":953,"minecraft:bread":2,"minecraft:wheat_seeds":2,"minecraft:oak_fence":1,"minecraft:iron_helmet":3,"minecraft:chainmail_helmet":10,"minecraft:stick":22,"minecraft:torch":15,"minecraft:potion":2,"minecraft:iron_leggings":3,"minecraft:iron_axe":4,"minecraft:string":6,"minecraft:bucket":2,"minecraft:tuff":2,"minecraft:iron_boots":5,"minecraft:nether_bricks":4,"minecraft:shield":4,"minecraft:iron_chestplate":3,"minecraft:andesite":4,"minecraft:spider_eye":1,"minecraft:wooden_pickaxe":1},"minecraft:custom":{"minecraft:animals_bred":44,"minecraft:interact_with_crafting_table":119,"minecraft:open_barrel":5,"minecraft:bell_ring":93,"minecraft:leave_game":33,"minecraft:time_since_death":18587,"minecraft:sprint_one_cm":2938609,"minecraft:damage_blocked_by_shield":3704,"minecraft:drop":182,"minecraft:talked_to_villager":492,"minecraft:play_time":878984,"minecraft:deaths":4,"minecraft:jump":17518,"minecraft:interact_with_brewingstand":5,"minecraft:walk_on_water_one_cm":248349,"minecraft:interact_with_furnace":120,"minecraft:traded_with_villager":605,"minecraft:interact_with_loom":2,"minecraft:sleep_in_bed":49,"minecraft:damage_dealt":70457,"minecraft:player_kills":2,"minecraft:crouch_one_cm":233272,"minecraft:interact_with_smoker":23,"minecraft:inspect_dispenser":15,"minecraft:horse_one_cm":68630,"minecraft:interact_with_anvil":7,"minecraft:mob_kills":404,"minecraft:walk_one_cm":888062,"minecraft:sneak_time":82315,"minecraft:walk_under_water_one_cm":125493,"minecraft:boat_one_cm":29359,"minecraft:interact_with_blast_furnace":51,"minecraft:total_world_time":878984,"minecraft:interact_with_grindstone":1,"minecraft:time_since_rest":7530,"minecraft:damage_taken":9668,"minecraft:damage_absorbed":20,"minecraft:swim_one_cm":128372,"minecraft:fly_one_cm":3798600,"minecraft:open_chest":601,"minecraft:fall_one_cm":516752},"minecraft:mined":{"minecraft:white_bed":11,"minecraft:oak_sapling":4,"minecraft:cobblestone_stairs":9,"minecraft:obsidian":4,"minecraft:granite":2,"minecraft:grass_block":170,"minecraft:composter":2,"minecraft:oak_wall_sign":1,"minecraft:nether_wart":136,"minecraft:spawner":2,"minecraft:iron_ore":431,"minecraft:cobbled_deepslate":123,"minecraft:fire":29,"minecraft:barrel":8,"minecraft:deepslate_lapis_ore":16,"minecraft:anvil":1,"minecraft:nether_brick_stairs":4,"minecraft:pointed_dripstone":1,"minecraft:dirt_path":6,"minecraft:oak_stairs":2,"minecraft:tripwire":1,"minecraft:deepslate_redstone_ore":9,"minecraft:brown_mushroom":3,"minecraft:smoker":3,"minecraft:crimson_nylium":5,"minecraft:torch":5,"minecraft:mushroom_stem":9,"minecraft:cobblestone":64,"minecraft:oak_planks":47,"minecraft:sugar_cane":175,"minecraft:grindstone":7,"minecraft:wall_torch":5,"minecraft:white_terracotta":2,"minecraft:powered_rail":2,"minecraft:birch_log":25,"minecraft:wheat":14,"minecraft:birch_trapdoor":7,"minecraft:oak_log":300,"minecraft:oak_fence_gate":3,"minecraft:loom":9,"minecraft:sand":9,"minecraft:dirt":33,"minecraft:dispenser":6,"minecraft:netherrack":958,"minecraft:oak_leaves":171,"minecraft:deepslate":387,"minecraft:nether_gold_ore":18,"minecraft:diamond_ore":1,"minecraft:crying_obsidian":1,"minecraft:tuff":23,"minecraft:deepslate_diamond_ore":213,"minecraft:oak_door":4,"minecraft:nether_bricks":4,"minecraft:crimson_roots":1,"minecraft:brown_mushroom_block":90,"minecraft:crimson_stem":1,"minecraft:hay_block":56,"minecraft:redstone_ore":7,"minecraft:oak_trapdoor":1,"minecraft:furnace":4,"minecraft:carrots":17,"minecraft:andesite":13,"minecraft:gold_block":1,"minecraft:bookshelf":1,"minecraft:potatoes":5,"minecraft:deepslate_iron_ore":63,"minecraft:rail":64,"minecraft:stone":128,"minecraft:white_wool":1,"minecraft:soul_sand":40,"minecraft:dandelion":2,"minecraft:oak_fence":10,"minecraft:crafting_table":9,"minecraft:short_grass":129,"minecraft:lectern":50,"minecraft:tall_grass":5,"minecraft:lapis_ore":10,"minecraft:deepslate_gold_ore":114,"minecraft:diorite":17,"minecraft:birch_planks":31,"minecraft:birch_leaves":6,"minecraft:yellow_bed":1,"minecraft:coal_ore":272,"minecraft:gravel":20,"minecraft:dripstone_block":1,"minecraft:cobweb":11,"minecraft:cracked_stone_bricks":4,"minecraft:oak_button":1,"minecraft:gold_ore":17},"minecraft:crafted":{"minecraft:black_dye":1,"minecraft:grindstone":1,"minecraft:smooth_stone":3,"minecraft:oak_planks":1128,"minecraft:chainmail_helmet":10,"minecraft:barrel":1,"minecraft:oak_sign":3,"minecraft:blaze_powder":2,"minecraft:cooked_chicken":5,"minecraft:birch_slab":6,"minecraft:loom":1,"minecraft:stone":6,"minecraft:lever":1,"minecraft:bookshelf":6,"minecraft:suspicious_stew":7,"minecraft:cooked_mutton":9,"minecraft:glass":9,"minecraft:diamond_helmet":1,"minecraft:diamond_leggings":1,"minecraft:bow":3,"minecraft:iron_boots":2,"minecraft:chest":7,"minecraft:oak_button":1,"minecraft:cod_bucket":1,"minecraft:rail":16,"minecraft:stone_hoe":10,"minecraft:oak_fence":42,"minecraft:smoker":1,"minecraft:glass_bottle":9,"minecraft:oak_slab":24,"minecraft:emerald":488,"minecraft:cooked_porkchop":14,"minecraft:diamond_axe":1,"minecraft:crafting_table":2,"minecraft:wooden_pickaxe":1,"minecraft:iron_helmet":2,"minecraft:chainmail_chestplate":8,"minecraft:smithing_table":1,"minecraft:fletching_table":1,"minecraft:birch_planks":100,"minecraft:brewing_stand":2,"minecraft:dispenser":1,"minecraft:apple":4,"minecraft:lectern":5,"minecraft:iron_chestplate":2,"minecraft:book":16,"minecraft:paper":294,"minecraft:diamond_pickaxe":2,"minecraft:shield":2,"minecraft:stick":1544,"minecraft:stone_slab":6,"minecraft:iron_ingot":461,"minecraft:iron_pickaxe":1,"minecraft:iron_block":3,"minecraft:gold_ingot":65,"minecraft:redstone_torch":1,"minecraft:composter":1,"minecraft:shears":1,"minecraft:golden_carrot":54,"minecraft:redstone":16,"minecraft:tripwire_hook":2,"minecraft:iron_nugget":33,"minecraft:furnace":3,"minecraft:blast_furnace":1,"minecraft:bone_meal":171,"minecraft:oak_trapdoor":2,"minecraft:iron_axe":7,"minecraft:stone_pickaxe":1,"minecraft:diamond_boots":1,"minecraft:lead":10,"minecraft:minecart":1,"minecraft:wheat":504,"minecraft:cooked_beef":38,"minecraft:sugar":1,"minecraft:crimson_planks":4,"minecraft:diamond_sword":1,"minecraft:enchanting_table":1,"minecraft:powered_rail":6,"minecraft:iron_sword":1,"minecraft:bucket":3,"minecraft:stone_axe":1,"minecraft:enchanted_book":5,"minecraft:bread":3,"minecraft:air":0,"minecraft:oak_fence_gate":2,"minecraft:oak_boat":1,"minecraft:white_wool":952,"minecraft:golden_apple":1,"minecraft:chainmail_boots":12,"minecraft:fermented_spider_eye":1,"minecraft:birch_trapdoor":10,"minecraft:writable_book":1,"minecraft:iron_shovel":1,"minecraft:iron_leggings":2,"minecraft:anvil":1,"minecraft:white_bed":1,"minecraft:pumpkin_pie":92,"minecraft:torch":8,"minecraft:diamond_chestplate":1},"minecraft:broken":{"minecraft:iron_shovel":1,"minecraft:iron_boots":1,"minecraft:stone_pickaxe":1,"minecraft:diamond_pickaxe":1,"minecraft:stone_axe":1,"minecraft:iron_sword":1,"minecraft:shield":1,"minecraft:iron_axe":1,"minecraft:iron_pickaxe":1,"minecraft:iron_helmet":1},"minecraft:killed":{"minecraft:cave_spider":4,"minecraft:witch":3,"minecraft:spider":33,"minecraft:cod":1,"minecraft:skeleton":82,"minecraft:chicken":5,"minecraft:piglin":1,"minecraft:pig":8,"minecraft:zombie_villager":2,"minecraft:creeper":21,"minecraft:sheep":8,"minecraft:zombie":150,"minecraft:glow_squid":2,"minecraft:blaze":24,"minecraft:cow":19,"minecraft:slime":13,"minecraft:bat":1,"minecraft:squid":2,"minecraft:wither_skeleton":7,"minecraft:player":2,"minecraft:enderman":6},"minecraft:used":{"minecraft:writable_book":1,"minecraft:iron_shovel":258,"minecraft:dispenser":7,"minecraft:oak_sign":2,"minecraft:shield":128,"minecraft:chest":7,"minecraft:white_terracotta":2,"minecraft:iron_sword":240,"minecraft:nether_wart":141,"minecraft:iron_chestplate":2,"minecraft:soul_sand":35,"minecraft:carrot":51,"minecraft:obsidian":4,"minecraft:coal_ore":18,"minecraft:birch_sapling":6,"minecraft:iron_helmet":2,"minecraft:birch_trapdoor":17,"minecraft:bow":2,"minecraft:oak_sapling":47,"minecraft:furnace":5,"minecraft:egg":2,"minecraft:potato":9,"minecraft:golden_boots":3,"minecraft:short_grass":1,"minecraft:diorite":7,"minecraft:oak_planks":146,"minecraft:stone_pickaxe":131,"minecraft:powered_rail":7,"minecraft:wooden_pickaxe":27,"minecraft:composter":3,"minecraft:sugar_cane":27,"minecraft:diamond_axe":479,"minecraft:golden_apple":1,"minecraft:white_wool":1,"minecraft:loom":10,"minecraft:blast_furnace":1,"minecraft:shears":3,"minecraft:redstone_torch":1,"minecraft:lever":1,"minecraft:string":3,"minecraft:bread":3,"minecraft:lectern":55,"minecraft:gravel":18,"minecraft:diamond_sword":349,"minecraft:fire_charge":1,"minecraft:chainmail_boots":1,"minecraft:grindstone":8,"minecraft:smithing_table":1,"minecraft:andesite":7,"minecraft:oak_boat":11,"minecraft:bone_meal":149,"minecraft:oak_fence":47,"minecraft:oak_trapdoor":3,"minecraft:flint_and_steel":9,"minecraft:stone_hoe":37,"minecraft:cooked_chicken":5,"minecraft:netherrack":205,"minecraft:oak_door":4,"minecraft:torch":19,"minecraft:brewing_stand":2,"minecraft:dirt":95,"minecraft:anvil":2,"minecraft:cod_bucket":3,"minecraft:oak_fence_gate":5,"minecraft:bookshelf":1,"minecraft:iron_axe":433,"minecraft:iron_boots":6,"minecraft:barrel":9,"minecraft:diamond_chestplate":1,"minecraft:tripwire_hook":2,"minecraft:golden_carrot":54,"minecraft:beef":1,"minecraft:cooked_beef":39,"minecraft:cobbled_deepslate":181,"minecraft:iron_leggings":2,"minecraft:wheat_seeds":50,"minecraft:cooked_mutton":9,"minecraft:water_bucket":581,"minecraft:iron_ore":70,"minecraft:cobblestone_stairs":3,"minecraft:birch_planks":31,"minecraft:glass_bottle":3,"minecraft:brown_mushroom":5,"minecraft:fletching_table":1,"minecraft:cracked_stone_bricks":4,"minecraft:rail":73,"minecraft:crafting_table":10,"minecraft:white_bed":7,"minecraft:smoker":4,"minecraft:oak_log":14,"minecraft:diamond_pickaxe":2643,"minecraft:iron_pickaxe":248,"minecraft:oak_button":3,"minecraft:suspicious_stew":7,"minecraft:lapis_ore":1,"minecraft:stone_axe":78,"minecraft:cobblestone":93,"minecraft:cooked_porkchop":14,"minecraft:bucket":584,"minecraft:pumpkin_pie":92,"minecraft:diamond_leggings":2},"minecraft:picked_up":{"minecraft:iron_chestplate":3,"minecraft:wheat":14,"minecraft:chainmail_boots":8,"minecraft:anvil":1,"minecraft:lead":19,"minecraft:diamond_sword":3,"minecraft:oak_stairs":2,"minecraft:potion":3,"minecraft:enchanted_book":4,"minecraft:nether_brick":60,"minecraft:string":9388,"minecraft:iron_leggings":3,"minecraft:oak_sign":1,"minecraft:activator_rail":18,"minecraft:diamond_leggings":3,"minecraft:gold_nugget":78,"minecraft:cobbled_deepslate":642,"minecraft:bucket":2,"minecraft:iron_pickaxe":1,"minecraft:furnace":4,"minecraft:iron_boots":7,"minecraft:stick":89,"minecraft:composter":2,"minecraft:birch_trapdoor":7,"minecraft:oak_fence":10,"minecraft:torch":116,"minecraft:porkchop":14,"minecraft:pointed_dripstone":1,"minecraft:diorite":23,"minecraft:rotten_flesh":147,"minecraft:white_terracotta":2,"minecraft:blaze_rod":12,"minecraft:obsidian":10,"minecraft:cod":2,"minecraft:cobblestone":225,"minecraft:birch_log":25,"minecraft:feather":2,"minecraft:water_bucket":5,"minecraft:andesite":24,"minecraft:smoker":3,"minecraft:potato":15,"minecraft:flint":2,"minecraft:tuff":5,"minecraft:lapis_lazuli":388,"minecraft:dirt":244,"minecraft:name_tag":9,"minecraft:bone":167,"minecraft:bow":7,"minecraft:wheat_seeds":105,"minecraft:raw_gold":553,"minecraft:grindstone":7,"minecraft:diamond_helmet":3,"minecraft:glowstone_dust":1,"minecraft:powered_rail":11,"minecraft:oak_planks":52,"minecraft:sand":9,"minecraft:nether_brick_stairs":4,"minecraft:ink_sac":9,"minecraft:loom":9,"minecraft:spectral_arrow":77,"minecraft:barrel":8,"minecraft:dispenser":6,"minecraft:diamond":1133,"minecraft:granite":3,"minecraft:bone_meal":46,"minecraft:chainmail_helmet":10,"minecraft:bread":2,"minecraft:oak_sapling":116,"minecraft:netherrack":1162,"minecraft:crimson_roots":2,"minecraft:diamond_pickaxe":3,"minecraft:crafting_table":9,"minecraft:splash_potion":1,"minecraft:chicken":5,"minecraft:nether_wart":394,"minecraft:brown_mushroom":58,"minecraft:gold_block":1,"minecraft:shield":7,"minecraft:cornflower":1,"minecraft:oak_trapdoor":1,"minecraft:iron_axe":5,"minecraft:iron_shovel":1,"minecraft:blackstone":36,"minecraft:cracked_stone_bricks":4,"minecraft:detector_rail":3,"minecraft:beef":40,"minecraft:oak_boat":11,"minecraft:iron_nugget":51,"minecraft:light_gray_wool":47,"minecraft:minecart":11,"minecraft:lectern":50,"minecraft:sugar_cane":322,"minecraft:birch_sapling":9,"minecraft:egg":6,"minecraft:raw_iron":1190,"minecraft:stone":7,"minecraft:oak_door":4,"minecraft:fire_charge":9,"minecraft:carrot":61,"minecraft:redstone":94,"minecraft:arrow":169,"minecraft:diamond_chestplate":3,"minecraft:pumpkin_pie":23,"minecraft:nether_bricks":4,"minecraft:diamond_boots":3,"minecraft:hay_block":56,"minecraft:gold_ingot":61,"minecraft:glow_berries":6,"minecraft:mutton":9,"minecraft:rail":150,"minecraft:white_wool":270,"minecraft:oxeye_daisy":2,"minecraft:lapis_ore":1,"minecraft:golden_carrot":18,"minecraft:glow_ink_sac":38,"minecraft:crimson_stem":1,"minecraft:leather":27,"minecraft:birch_planks":49,"minecraft:oak_log":304,"minecraft:chainmail_chestplate":8,"minecraft:yellow_bed":1,"minecraft:gunpowder":27,"minecraft:cobblestone_stairs":9,"minecraft:apple":11,"minecraft:iron_ingot":12,"minecraft:oak_fence_gate":3,"minecraft:iron_ore":70,"minecraft:glass_bottle":2,"minecraft:iron_sword":1,"minecraft:soul_sand":59,"minecraft:book":3,"minecraft:quartz":18,"minecraft:dandelion":12,"minecraft:gravel":68,"minecraft:white_bed":11,"minecraft:crying_obsidian":14,"minecraft:spider_eye":7,"minecraft:coal_ore":18,"minecraft:slime_ball":5,"minecraft:short_grass":1,"minecraft:iron_helmet":3,"minecraft:diamond_axe":3,"minecraft:gray_wool":22,"minecraft:oak_button":2,"minecraft:coal":478,"minecraft:ender_pearl":4}},"DataVersion":3700}