{"stats":{"minecraft:picked_up":{"minecraft:iron_chestplate":3,"minecraft:wheat":14,"minecraft:chainmail_boots":8,"minecraft:anvil":1,"minecraft:lead":23,"minecraft:diamond_sword":3,"minecraft:oak_stairs":2,"minecraft:potion":3,"minecraft:enchanted_book":4,"minecraft:nether_brick":60,"minecraft:string":10662,"minecraft:iron_leggings":3,"minecraft:oak_sign":1,"minecraft:activator_rail":18,"minecraft:diamond_leggings":3,"minecraft:gold_nugget":78,"minecraft:cobbled_deepslate":692,"minecraft:bucket":2,"minecraft:ender_eye":10,"minecraft:azalea":1,"minecraft:iron_pickaxe":1,"minecraft:iron_boots":7,"minecraft:furnace":4,"minecraft:stick":106,"minecraft:composter":2,"minecraft:birch_trapdoor":7,"minecraft:oak_fence":10,"minecraft:torch":122,"minecraft:porkchop":14,"minecraft:pointed_dripstone":1,"minecraft:diorite":43,"minecraft:rotten_flesh":154,"minecraft:tropical_fish":3,"minecraft:white_terracotta":2,"minecraft:blaze_rod":12,"minecraft:obsidian":36,"minecraft:cod":2,"minecraft:cobblestone":324,"minecraft:birch_log":32,"minecraft:feather":2,"minecraft:iron_door":3,"minecraft:water_bucket":5,"minecraft:andesite":24,"minecraft:smoker":3,"minecraft:potato":15,"minecraft:flint":7,"minecraft:tuff":5,"minecraft:lapis_lazuli":428,"minecraft:dirt":320,"minecraft:name_tag":9,"minecraft:bone":177,"minecraft:bow":7,"minecraft:wheat_seeds":109,"minecraft:raw_gold":553,"minecraft:grindstone":7,"minecraft:diamond_helmet":3,"minecraft:glowstone_dust":1,"minecraft:powered_rail":11,"minecraft:moss_block":1,"minecraft:oak_planks":52,"minecraft:sand":11,"minecraft:nether_brick_stairs":4,"minecraft:ink_sac":9,"minecraft:loom":9,"minecraft:spectral_arrow":77,"minecraft:barrel":8,"minecraft:dispenser":6,"minecraft:diamond":1135,"minecraft:granite":35,"minecraft:bone_meal":46,"minecraft:chainmail_helmet":10,"minecraft:bread":2,"minecraft:oak_sapling":145,"minecraft:netherrack":1162,"minecraft:crimson_roots":2,"minecraft:diamond_pickaxe":3,"minecraft:crafting_table":12,"minecraft:splash_potion":1,"minecraft:chicken":5,"minecraft:nether_wart":615,"minecraft:brown_mushroom":58,"minecraft:gold_block":1,"minecraft:shield":7,"minecraft:cornflower":1,"minecraft:oak_trapdoor":1,"minecraft:iron_axe":5,"minecraft:iron_shovel":1,"minecraft:blackstone":36,"minecraft:cracked_stone_bricks":5,"minecraft:detector_rail":3,"minecraft:beef":47,"minecraft:oak_boat":16,"minecraft:iron_nugget":51,"minecraft:light_gray_wool":59,"minecraft:spruce_slab":2,"minecraft:minecart":13,"minecraft:lectern":50,"minecraft:sugar_cane":374,"minecraft:chest":2,"minecraft:birch_sapling":9,"minecraft:egg":6,"minecraft:raw_iron":1190,"minecraft:end_stone":192,"minecraft:stone":7,"minecraft:oak_door":4,"minecraft:fire_charge":9,"minecraft:carrot":61,"minecraft:redstone":94,"minecraft:arrow":182,"minecraft:diamond_chestplate":3,"minecraft:pumpkin_pie":23,"minecraft:jungle_stairs":2,"minecraft:nether_bricks":4,"minecraft:diamond_boots":3,"minecraft:hay_block":56,"minecraft:gold_ingot":61,"minecraft:glow_berries":6,"minecraft:mutton":54,"minecraft:rail":171,"minecraft:white_wool":769,"minecraft:oxeye_daisy":2,"minecraft:lapis_ore":1,"minecraft:golden_carrot":22,"minecraft:glow_ink_sac":38,"minecraft:crimson_stem":1,"minecraft:leather":31,"minecraft:filled_map":1,"minecraft:birch_planks":49,"minecraft:oak_log":400,"minecraft:chainmail_chestplate":8,"minecraft:yellow_bed":1,"minecraft:gunpowder":31,"minecraft:cobblestone_stairs":9,"minecraft:apple":13,"minecraft:stone_bricks":2,"minecraft:kelp":41,"minecraft:heart_of_the_sea":1,"minecraft:iron_ingot":12,"minecraft:oak_fence_gate":3,"minecraft:iron_ore":70,"minecraft:glass_bottle":2,"minecraft:iron_sword":1,"minecraft:soul_sand":59,"minecraft:book":24,"minecraft:quartz":18,"minecraft:dandelion":12,"minecraft:gravel":68,"minecraft:white_bed":11,"minecraft:crying_obsidian":14,"minecraft:spider_eye":7,"minecraft:coal_ore":18,"minecraft:slime_ball":5,"minecraft:short_grass":1,"minecraft:iron_helmet":3,"minecraft:diamond_axe":3,"minecraft:gray_wool":33,"minecraft:oak_button":2,"minecraft:coal":486,"minecraft:ender_pearl":19},"minecraft:dropped":{"minecraft:nether_brick_stairs":4,"minecraft:birch_planks":18,"minecraft:lapis_lazuli":40,"minecraft:crafting_table":1,"minecraft:saddle":1,"minecraft:rail":8,"minecraft:cod":1,"minecraft:dirt":41,"minecraft:crimson_roots":2,"minecraft:gold_nugget":6,"minecraft:bone_meal":15,"minecraft:white_wool":435,"minecraft:gold_ingot":117,"minecraft:bone":3,"minecraft:gravel":50,"minecraft:iron_nugget":24,"minecraft:cobbled_deepslate":139,"minecraft:nether_brick":60,"minecraft:pointed_dripstone":1,"minecraft:rotten_flesh":40,"minecraft:oak_planks":5,"minecraft:carrot":3,"minecraft:chainmail_chestplate":8,"minecraft:chainmail_boots":8,"minecraft:netherrack":953,"minecraft:bread":2,"minecraft:wheat_seeds":2,"minecraft:oak_fence":1,"minecraft:iron_helmet":3,"minecraft:cobblestone":62,"minecraft:granite":24,"minecraft:chainmail_helmet":10,"minecraft:stick":22,"minecraft:diorite":15,"minecraft:golden_carrot":4,"minecraft:torch":15,"minecraft:potion":2,"minecraft:iron_leggings":3,"minecraft:heart_of_the_sea":1,"minecraft:iron_axe":4,"minecraft:string":38,"minecraft:bucket":2,"minecraft:kelp":41,"minecraft:tuff":2,"minecraft:iron_boots":5,"minecraft:nether_bricks":4,"minecraft:filled_map":2,"minecraft:shield":4,"minecraft:iron_chestplate":3,"minecraft:andesite":4,"minecraft:oak_boat":3,"minecraft:spider_eye":1,"minecraft:wooden_pickaxe":1},"minecraft:used":{"minecraft:writable_book":1,"minecraft:iron_shovel":272,"minecraft:dispenser":7,"minecraft:oak_sign":2,"minecraft:shield":128,"minecraft:chest":13,"minecraft:white_terracotta":2,"minecraft:iron_sword":240,"minecraft:nether_wart":212,"minecraft:iron_chestplate":2,"minecraft:soul_sand":35,"minecraft:carrot":51,"minecraft:obsidian":15,"minecraft:glass":1,"minecraft:lava_bucket":4,"minecraft:coal_ore":18,"minecraft:birch_sapling":6,"minecraft:iron_helmet":2,"minecraft:birch_trapdoor":17,"minecraft:bow":65,"minecraft:oak_sapling":65,"minecraft:furnace":5,"minecraft:egg":2,"minecraft:potato":9,"minecraft:golden_boots":3,"minecraft:short_grass":1,"minecraft:diorite":7,"minecraft:oak_planks":146,"minecraft:stone_pickaxe":131,"minecraft:powered_rail":7,"minecraft:ender_pearl":6,"minecraft:wooden_pickaxe":27,"minecraft:composter":3,"minecraft:sugar_cane":27,"minecraft:diamond_axe":626,"minecraft:golden_apple":1,"minecraft:white_wool":2,"minecraft:loom":10,"minecraft:blast_furnace":1,"minecraft:end_stone":1,"minecraft:shears":4,"minecraft:redstone_torch":1,"minecraft:lever":1,"minecraft:string":6,"minecraft:bread":3,"minecraft:lectern":55,"minecraft:gravel":18,"minecraft:diamond_sword":550,"minecraft:fire_charge":1,"minecraft:chainmail_boots":1,"minecraft:grindstone":8,"minecraft:smithing_table":1,"minecraft:andesite":7,"minecraft:oak_boat":13,"minecraft:tropical_fish_bucket":7,"minecraft:bone_meal":149,"minecraft:experience_bottle":3,"minecraft:oak_fence":48,"minecraft:oak_trapdoor":3,"minecraft:enchanting_table":1,"minecraft:flint_and_steel":10,"minecraft:stone_hoe":37,"minecraft:cooked_chicken":5,"minecraft:netherrack":205,"minecraft:oak_door":4,"minecraft:torch":25,"minecraft:brewing_stand":2,"minecraft:dirt":98,"minecraft:anvil":2,"minecraft:hopper":8,"minecraft:cod_bucket":3,"minecraft:oak_fence_gate":5,"minecraft:bookshelf":23,"minecraft:iron_axe":433,"minecraft:iron_boots":6,"minecraft:barrel":9,"minecraft:diamond_chestplate":1,"minecraft:tripwire_hook":2,"minecraft:golden_carrot":102,"minecraft:beef":1,"minecraft:cooked_beef":39,"minecraft:cobbled_deepslate":182,"minecraft:iron_leggings":2,"minecraft:wheat_seeds":50,"minecraft:cooked_mutton":9,"minecraft:water_bucket":624,"minecraft:iron_ore":70,"minecraft:cobblestone_stairs":3,"minecraft:birch_planks":31,"minecraft:glass_bottle":3,"minecraft:brown_mushroom":5,"minecraft:fletching_table":1,"minecraft:cracked_stone_bricks":4,"minecraft:rail":84,"minecraft:crafting_table":13,"minecraft:white_bed":7,"minecraft:smoker":4,"minecraft:oak_log":24,"minecraft:ender_eye":22,"minecraft:diamond_pickaxe":3035,"minecraft:iron_pickaxe":248,"minecraft:oak_button":3,"minecraft:suspicious_stew":8,"minecraft:lapis_ore":1,"minecraft:stone_axe":78,"minecraft:cobblestone":194,"minecraft:cooked_porkchop":14,"minecraft:bucket":639,"minecraft:pumpkin_pie":92,"minecraft:diamond_leggings":2},"minecraft:killed":{"minecraft:cave_spider":4,"minecraft:witch":3,"minecraft:spider":33,"minecraft:cod":1,"minecraft:skeleton":89,"minecraft:chicken":5,"minecraft:silverfish":5,"minecraft:piglin":1,"minecraft:pig":8,"minecraft:zombie_villager":2,"minecraft:ender_dragon":1,"minecraft:creeper":26,"minecraft:sheep":37,"minecraft:zombie":158,"minecraft:glow_squid":2,"minecraft:blaze":24,"minecraft:cow":22,"minecraft:slime":13,"minecraft:bat":1,"minecraft:squid":2,"minecraft:wither_skeleton":7,"minecraft:player":2,"minecraft:enderman":26},"minecraft:crafted":{"minecraft:ender_chest":1,"minecraft:black_dye":1,"minecraft:grindstone":1,"minecraft:smooth_stone":3,"minecraft:oak_planks":1472,"minecraft:chainmail_helmet":10,"minecraft:oak_sign":3,"minecraft:barrel":1,"minecraft:blaze_powder":16,"minecraft:cooked_chicken":5,"minecraft:birch_slab":6,"minecraft:loom":1,"minecraft:stone":6,"minecraft:lever":1,"minecraft:bookshelf":28,"minecraft:suspicious_stew":7,"minecraft:cooked_mutton":9,"minecraft:glass":10,"minecraft:hopper":12,"minecraft:diamond_helmet":1,"minecraft:diamond_leggings":1,"minecraft:bow":4,"minecraft:iron_boots":2,"minecraft:chest":23,"minecraft:oak_button":1,"minecraft:cod_bucket":1,"minecraft:rail":16,"minecraft:stone_hoe":10,"minecraft:ender_eye":14,"minecraft:oak_fence":42,"minecraft:smoker":1,"minecraft:glass_bottle":9,"minecraft:oak_slab":24,"minecraft:emerald":980,"minecraft:cooked_porkchop":14,"minecraft:diamond_axe":1,"minecraft:crafting_table":3,"minecraft:wooden_pickaxe":1,"minecraft:iron_helmet":2,"minecraft:chainmail_chestplate":8,"minecraft:smithing_table":1,"minecraft:fletching_table":1,"minecraft:birch_planks":128,"minecraft:brewing_stand":2,"minecraft:dispenser":1,"minecraft:apple":4,"minecraft:lectern":5,"minecraft:iron_chestplate":2,"minecraft:book":17,"minecraft:paper":345,"minecraft:diamond_pickaxe":2,"minecraft:shield":2,"minecraft:stick":2212,"minecraft:stone_slab":6,"minecraft:iron_ingot":625,"minecraft:iron_pickaxe":1,"minecraft:iron_block":3,"minecraft:gold_ingot":193,"minecraft:redstone_torch":1,"minecraft:composter":1,"minecraft:shears":1,"minecraft:golden_carrot":144,"minecraft:redstone":16,"minecraft:tripwire_hook":2,"minecraft:iron_nugget":36,"minecraft:experience_bottle":3,"minecraft:furnace":3,"minecraft:blast_furnace":1,"minecraft:bone_meal":171,"minecraft:oak_trapdoor":2,"minecraft:flint_and_steel":1,"minecraft:iron_axe":7,"minecraft:ender_pearl":11,"minecraft:stone_pickaxe":1,"minecraft:diamond_boots":1,"minecraft:lead":10,"minecraft:minecart":1,"minecraft:wheat":504,"minecraft:cooked_beef":38,"minecraft:sugar":1,"minecraft:crimson_planks":4,"minecraft:diamond_sword":1,"minecraft:enchanting_table":1,"minecraft:powered_rail":6,"minecraft:iron_sword":1,"minecraft:bucket":3,"minecraft:stone_axe":1,"minecraft:enchanted_book":5,"minecraft:bread":3,"minecraft:air":0,"minecraft:oak_fence_gate":2,"minecraft:oak_boat":2,"minecraft:white_wool":1466,"minecraft:golden_apple":9,"minecraft:fermented_spider_eye":1,"minecraft:chainmail_boots":12,"minecraft:birch_trapdoor":10,"minecraft:writable_book":1,"minecraft:iron_shovel":2,"minecraft:iron_leggings":2,"minecraft:anvil":1,"minecraft:white_bed":1,"minecraft:pumpkin_pie":92,"minecraft:torch":8,"minecraft:diamond_chestplate":1,"minecraft:firework_rocket":39},"minecraft:broken":{"minecraft:iron_shovel":1,"minecraft:iron_boots":1,"minecraft:stone_pickaxe":1,"minecraft:diamond_pickaxe":1,"minecraft:stone_axe":1,"minecraft:iron_sword":1,"minecraft:shield":1,"minecraft:iron_axe":1,"minecraft:iron_pickaxe":1,"minecraft:iron_helmet":1},"minecraft:custom":{"minecraft:animals_bred":49,"minecraft:interact_with_crafting_table":138,"minecraft:open_barrel":41,"minecraft:bell_ring":93,"minecraft:leave_game":41,"minecraft:time_since_death":222902,"minecraft:sprint_one_cm":3779103,"minecraft:damage_blocked_by_shield":3704,"minecraft:drop":617,"minecraft:talked_to_villager":685,"minecraft:play_time":1083299,"minecraft:deaths":4,"minecraft:jump":21323,"minecraft:interact_with_brewingstand":5,"minecraft:walk_on_water_one_cm":315468,"minecraft:enchant_item":6,"minecraft:interact_with_furnace":136,"minecraft:traded_with_villager":1163,"minecraft:interact_with_loom":2,"minecraft:sleep_in_bed":57,"minecraft:damage_dealt":85854,"minecraft:player_kills":2,"minecraft:crouch_one_cm":252633,"minecraft:interact_with_smoker":25,"minecraft:inspect_dispenser":21,"minecraft:horse_one_cm":264404,"minecraft:interact_with_smithing_table":1,"minecraft:interact_with_anvil":7,"minecraft:mob_kills":486,"minecraft:inspect_hopper":112,"minecraft:climb_one_cm":2078,"minecraft:walk_one_cm":1076213,"minecraft:sneak_time":91958,"minecraft:walk_under_water_one_cm":135357,"minecraft:boat_one_cm":176962,"minecraft:interact_with_blast_furnace":62,"minecraft:total_world_time":1083299,"minecraft:interact_with_grindstone":2,"minecraft:time_since_rest":110057,"minecraft:damage_taken":11808,"minecraft:damage_absorbed":20,"minecraft:swim_one_cm":153895,"minecraft:fly_one_cm":7310298,"minecraft:open_chest":859,"minecraft:fall_one_cm":633527},"minecraft:mined":{"minecraft:white_bed":11,"minecraft:oak_sapling":6,"minecraft:cobblestone_stairs":9,"minecraft:obsidian":32,"minecraft:granite":10,"minecraft:grass_block":179,"minecraft:composter":2,"minecraft:oak_wall_sign":1,"minecraft:nether_wart":207,"minecraft:spawner":3,"minecraft:iron_ore":431,"minecraft:cobbled_deepslate":125,"minecraft:fire":29,"minecraft:barrel":8,"minecraft:anvil":1,"minecraft:deepslate_lapis_ore":16,"minecraft:nether_brick_stairs":4,"minecraft:pointed_dripstone":1,"minecraft:dirt_path":6,"minecraft:oak_stairs":2,"minecraft:azalea":1,"minecraft:spruce_slab":3,"minecraft:tripwire":2,"minecraft:deepslate_redstone_ore":9,"minecraft:brown_mushroom":3,"minecraft:crimson_nylium":5,"minecraft:smoker":3,"minecraft:powder_snow":3,"minecraft:torch":6,"minecraft:jungle_stairs":2,"minecraft:chest":2,"minecraft:mushroom_stem":9,"minecraft:cobblestone":81,"minecraft:oak_planks":47,"minecraft:sugar_cane":201,"minecraft:grindstone":7,"minecraft:iron_door":4,"minecraft:wall_torch":9,"minecraft:white_terracotta":2,"minecraft:powered_rail":2,"minecraft:birch_log":32,"minecraft:wheat":14,"minecraft:birch_trapdoor":7,"minecraft:oak_log":396,"minecraft:oak_fence_gate":3,"minecraft:loom":9,"minecraft:sand":11,"minecraft:dirt":39,"minecraft:dispenser":6,"minecraft:netherrack":958,"minecraft:oak_leaves":188,"minecraft:deepslate":399,"minecraft:nether_gold_ore":18,"minecraft:diamond_ore":1,"minecraft:crying_obsidian":1,"minecraft:tuff":23,"minecraft:deepslate_diamond_ore":214,"minecraft:oak_door":4,"minecraft:end_stone":192,"minecraft:nether_bricks":4,"minecraft:crimson_roots":1,"minecraft:brown_mushroom_block":90,"minecraft:crimson_stem":1,"minecraft:hay_block":56,"minecraft:redstone_ore":7,"minecraft:oak_trapdoor":1,"minecraft:furnace":4,"minecraft:carrots":17,"minecraft:andesite":13,"minecraft:gold_block":1,"minecraft:bookshelf":8,"minecraft:potatoes":5,"minecraft:deepslate_iron_ore":63,"minecraft:rail":85,"minecraft:stone":149,"minecraft:white_wool":2,"minecraft:soul_sand":40,"minecraft:dandelion":2,"minecraft:oak_fence":10,"minecraft:crafting_table":11,"minecraft:short_grass":172,"minecraft:lectern":50,"minecraft:tall_grass":33,"minecraft:deepslate_gold_ore":114,"minecraft:lapis_ore":10,"minecraft:diorite":22,"minecraft:birch_planks":31,"minecraft:birch_leaves":7,"minecraft:yellow_bed":1,"minecraft:coal_ore":277,"minecraft:gravel":26,"minecraft:dripstone_block":1,"minecraft:cobweb":12,"minecraft:cracked_stone_bricks":5,"minecraft:oak_button":1,"minecraft:stone_bricks":2,"minecraft:gold_ore":17}},"DataVersion":3700}