{"stats":{"minecraft:killed_by":{"minecraft:skeleton":1},"minecraft:picked_up":{"minecraft:stick":2,"minecraft:crafting_table":5,"minecraft:leather":4,"minecraft:porkchop":1,"minecraft:oak_log":5,"minecraft:diorite":2,"minecraft:white_bed":1,"minecraft:dirt":19,"minecraft:beef":10,"minecraft:oak_sapling":1,"minecraft:mutton":5,"minecraft:coal":3,"minecraft:white_wool":3,"minecraft:cobblestone":37},"minecraft:crafted":{"minecraft:oak_planks":16,"minecraft:crafting_table":1,"minecraft:stick":8,"minecraft:wooden_pickaxe":1,"minecraft:stone_pickaxe":1,"minecraft:furnace":1,"minecraft:white_bed":1,"minecraft:stone_axe":1},"minecraft:used":{"minecraft:oak_log":1,"minecraft:stone_pickaxe":20,"minecraft:wooden_pickaxe":22,"minecraft:stone_axe":15,"minecraft:dirt":8,"minecraft:mutton":2,"minecraft:crafting_table":5,"minecraft:furnace":1,"minecraft:oak_sapling":1,"minecraft:white_bed":1},"minecraft:mined":{"minecraft:white_bed":1,"minecraft:crafting_table":5,"minecraft:short_grass":1,"minecraft:coal_ore":3,"minecraft:grass_block":4,"minecraft:oak_log":5,"minecraft:dirt":15,"minecraft:stone":37,"minecraft:diorite":2,"minecraft:oak_leaves":7},"minecraft:killed":{"minecraft:sheep":3,"minecraft:pig":1,"minecraft:cow":6},"minecraft:custom":{"minecraft:time_since_rest":5169,"minecraft:interact_with_furnace":1,"minecraft:sprint_one_cm":83871,"minecraft:damage_taken":210,"minecraft:walk_one_cm":25211,"minecraft:mob_kills":10,"minecraft:damage_dealt":940,"minecraft:swim_one_cm":1074,"minecraft:interact_with_crafting_table":4,"minecraft:fly_one_cm":65926,"minecraft:crouch_one_cm":4094,"minecraft:play_time":32356,"minecraft:deaths":1,"minecraft:sneak_time":1748,"minecraft:walk_under_water_one_cm":706,"minecraft:jump":377,"minecraft:leave_game":4,"minecraft:walk_on_water_one_cm":358,"minecraft:time_since_death":23085,"minecraft:sleep_in_bed":1,"minecraft:total_world_time":32356,"minecraft:fall_one_cm":6499}},"DataVersion":3700}