{"stats":{"minecraft:picked_up":{"minecraft:iron_chestplate":1,"minecraft:wheat":13,"minecraft:chainmail_boots":8,"minecraft:lead":19,"minecraft:oak_stairs":2,"minecraft:potion":3,"minecraft:enchanted_book":1,"minecraft:nether_brick":60,"minecraft:string":92,"minecraft:iron_leggings":1,"minecraft:oak_sign":1,"minecraft:gold_nugget":78,"minecraft:cobbled_deepslate":82,"minecraft:iron_pickaxe":1,"minecraft:furnace":4,"minecraft:iron_boots":5,"minecraft:stick":56,"minecraft:composter":2,"minecraft:birch_trapdoor":2,"minecraft:oak_fence":9,"minecraft:torch":11,"minecraft:porkchop":14,"minecraft:pointed_dripstone":1,"minecraft:diorite":12,"minecraft:rotten_flesh":91,"minecraft:white_terracotta":2,"minecraft:blaze_rod":12,"minecraft:obsidian":10,"minecraft:cobblestone":194,"minecraft:birch_log":12,"minecraft:feather":2,"minecraft:water_bucket":1,"minecraft:andesite":22,"minecraft:smoker":3,"minecraft:potato":14,"minecraft:flint":2,"minecraft:lapis_lazuli":131,"minecraft:dirt":213,"minecraft:bone":44,"minecraft:bow":4,"minecraft:wheat_seeds":86,"minecraft:raw_gold":48,"minecraft:grindstone":7,"minecraft:glowstone_dust":1,"minecraft:powered_rail":2,"minecraft:oak_planks":35,"minecraft:sand":9,"minecraft:nether_brick_stairs":4,"minecraft:ink_sac":9,"minecraft:loom":9,"minecraft:spectral_arrow":77,"minecraft:dispenser":6,"minecraft:diamond":78,"minecraft:granite":2,"minecraft:bone_meal":1,"minecraft:chainmail_helmet":10,"minecraft:oak_sapling":80,"minecraft:netherrack":1162,"minecraft:crimson_roots":2,"minecraft:crafting_table":9,"minecraft:splash_potion":1,"minecraft:chicken":5,"minecraft:nether_wart":137,"minecraft:brown_mushroom":9,"minecraft:gold_block":1,"minecraft:shield":1,"minecraft:oak_trapdoor":1,"minecraft:iron_axe":1,"minecraft:iron_shovel":1,"minecraft:blackstone":36,"minecraft:cracked_stone_bricks":4,"minecraft:beef":40,"minecraft:oak_boat":9,"minecraft:iron_nugget":51,"minecraft:light_gray_wool":33,"minecraft:lectern":37,"minecraft:minecart":4,"minecraft:sugar_cane":218,"minecraft:birch_sapling":6,"minecraft:egg":6,"minecraft:raw_iron":228,"minecraft:oak_door":4,"minecraft:fire_charge":9,"minecraft:carrot":61,"minecraft:redstone":39,"minecraft:arrow":39,"minecraft:pumpkin_pie":23,"minecraft:nether_bricks":4,"minecraft:hay_block":56,"minecraft:gold_ingot":58,"minecraft:mutton":9,"minecraft:white_wool":203,"minecraft:rail":19,"minecraft:oxeye_daisy":1,"minecraft:glow_ink_sac":22,"minecraft:crimson_stem":1,"minecraft:leather":27,"minecraft:oak_log":184,"minecraft:chainmail_chestplate":8,"minecraft:yellow_bed":1,"minecraft:gunpowder":6,"minecraft:cobblestone_stairs":9,"minecraft:apple":6,"minecraft:oak_fence_gate":1,"minecraft:glass_bottle":2,"minecraft:soul_sand":59,"minecraft:iron_sword":1,"minecraft:quartz":18,"minecraft:dandelion":12,"minecraft:gravel":68,"minecraft:white_bed":11,"minecraft:crying_obsidian":14,"minecraft:spider_eye":5,"minecraft:slime_ball":5,"minecraft:short_grass":1,"minecraft:iron_helmet":1,"minecraft:gray_wool":15,"minecraft:oak_button":2,"minecraft:coal":280,"minecraft:ender_pearl":3},"minecraft:dropped":{"minecraft:nether_brick_stairs":4,"minecraft:saddle":1,"minecraft:crimson_roots":2,"minecraft:gold_nugget":6,"minecraft:gold_ingot":116,"minecraft:gravel":50,"minecraft:iron_nugget":24,"minecraft:nether_brick":60,"minecraft:pointed_dripstone":1,"minecraft:carrot":3,"minecraft:chainmail_chestplate":8,"minecraft:chainmail_boots":8,"minecraft:netherrack":953,"minecraft:wheat_seeds":2,"minecraft:chainmail_helmet":10,"minecraft:potion":2,"minecraft:string":2,"minecraft:iron_boots":2,"minecraft:nether_bricks":4,"minecraft:andesite":2,"minecraft:wooden_pickaxe":1},"minecraft:mined":{"minecraft:white_bed":11,"minecraft:oak_sapling":3,"minecraft:cobblestone_stairs":9,"minecraft:obsidian":4,"minecraft:granite":1,"minecraft:grass_block":164,"minecraft:composter":2,"minecraft:oak_wall_sign":1,"minecraft:nether_wart":66,"minecraft:spawner":1,"minecraft:iron_ore":228,"minecraft:cobbled_deepslate":13,"minecraft:fire":29,"minecraft:deepslate_lapis_ore":16,"minecraft:nether_brick_stairs":4,"minecraft:pointed_dripstone":1,"minecraft:dirt_path":4,"minecraft:oak_stairs":2,"minecraft:deepslate_redstone_ore":8,"minecraft:brown_mushroom":3,"minecraft:smoker":3,"minecraft:crimson_nylium":5,"minecraft:torch":5,"minecraft:mushroom_stem":5,"minecraft:cobblestone":58,"minecraft:grindstone":7,"minecraft:sugar_cane":119,"minecraft:oak_planks":35,"minecraft:wall_torch":5,"minecraft:white_terracotta":2,"minecraft:powered_rail":2,"minecraft:birch_log":12,"minecraft:wheat":13,"minecraft:birch_trapdoor":2,"minecraft:oak_log":180,"minecraft:oak_fence_gate":1,"minecraft:loom":9,"minecraft:sand":9,"minecraft:dirt":19,"minecraft:dispenser":6,"minecraft:netherrack":958,"minecraft:oak_leaves":118,"minecraft:deepslate":85,"minecraft:nether_gold_ore":18,"minecraft:crying_obsidian":1,"minecraft:deepslate_diamond_ore":78,"minecraft:oak_door":4,"minecraft:nether_bricks":4,"minecraft:crimson_roots":1,"minecraft:brown_mushroom_block":45,"minecraft:crimson_stem":1,"minecraft:hay_block":56,"minecraft:redstone_ore":1,"minecraft:oak_trapdoor":1,"minecraft:furnace":4,"minecraft:carrots":17,"minecraft:andesite":9,"minecraft:gold_block":1,"minecraft:potatoes":5,"minecraft:deepslate_iron_ore":2,"minecraft:rail":20,"minecraft:stone":105,"minecraft:white_wool":1,"minecraft:soul_sand":40,"minecraft:dandelion":2,"minecraft:oak_fence":9,"minecraft:crafting_table":9,"minecraft:short_grass":52,"minecraft:lectern":37,"minecraft:tall_grass":2,"minecraft:lapis_ore":5,"minecraft:deepslate_gold_ore":42,"minecraft:diorite":12,"minecraft:birch_leaves":6,"minecraft:yellow_bed":1,"minecraft:coal_ore":225,"minecraft:gravel":20,"minecraft:dripstone_block":1,"minecraft:cobweb":11,"minecraft:cracked_stone_bricks":4,"minecraft:oak_button":1,"minecraft:gold_ore":6},"minecraft:used":{"minecraft:writable_book":1,"minecraft:iron_shovel":254,"minecraft:dispenser":7,"minecraft:oak_sign":2,"minecraft:chest":6,"minecraft:shield":120,"minecraft:white_terracotta":2,"minecraft:iron_sword":240,"minecraft:nether_wart":71,"minecraft:iron_chestplate":1,"minecraft:soul_sand":35,"minecraft:carrot":51,"minecraft:obsidian":4,"minecraft:birch_sapling":2,"minecraft:iron_helmet":1,"minecraft:birch_trapdoor":4,"minecraft:bow":2,"minecraft:oak_sapling":30,"minecraft:furnace":5,"minecraft:egg":2,"minecraft:potato":8,"minecraft:golden_boots":3,"minecraft:short_grass":1,"minecraft:diorite":7,"minecraft:oak_planks":135,"minecraft:stone_pickaxe":131,"minecraft:powered_rail":5,"minecraft:wooden_pickaxe":27,"minecraft:composter":3,"minecraft:sugar_cane":27,"minecraft:golden_apple":1,"minecraft:white_wool":1,"minecraft:loom":10,"minecraft:blast_furnace":1,"minecraft:shears":2,"minecraft:redstone_torch":1,"minecraft:bread":3,"minecraft:lectern":38,"minecraft:gravel":18,"minecraft:diamond_sword":324,"minecraft:fire_charge":1,"minecraft:chainmail_boots":1,"minecraft:grindstone":8,"minecraft:smithing_table":1,"minecraft:andesite":7,"minecraft:oak_boat":9,"minecraft:bone_meal":140,"minecraft:oak_fence":47,"minecraft:oak_trapdoor":3,"minecraft:flint_and_steel":9,"minecraft:stone_hoe":37,"minecraft:cooked_chicken":5,"minecraft:netherrack":205,"minecraft:oak_door":4,"minecraft:torch":17,"minecraft:brewing_stand":1,"minecraft:dirt":81,"minecraft:oak_fence_gate":3,"minecraft:iron_axe":352,"minecraft:iron_boots":5,"minecraft:beef":1,"minecraft:cooked_beef":38,"minecraft:cobbled_deepslate":15,"minecraft:iron_leggings":1,"minecraft:wheat_seeds":49,"minecraft:cooked_mutton":9,"minecraft:water_bucket":336,"minecraft:cobblestone_stairs":3,"minecraft:glass_bottle":3,"minecraft:brown_mushroom":4,"minecraft:fletching_table":1,"minecraft:cracked_stone_bricks":4,"minecraft:rail":28,"minecraft:crafting_table":10,"minecraft:white_bed":7,"minecraft:smoker":4,"minecraft:oak_log":7,"minecraft:diamond_pickaxe":1546,"minecraft:oak_button":3,"minecraft:iron_pickaxe":248,"minecraft:stone_axe":78,"minecraft:cobblestone":80,"minecraft:cooked_porkchop":14,"minecraft:bucket":337,"minecraft:pumpkin_pie":84},"minecraft:killed":{"minecraft:cave_spider":3,"minecraft:witch":3,"minecraft:spider":18,"minecraft:skeleton":35,"minecraft:chicken":5,"minecraft:piglin":1,"minecraft:pig":8,"minecraft:zombie_villager":1,"minecraft:creeper":4,"minecraft:sheep":8,"minecraft:zombie":90,"minecraft:glow_squid":2,"minecraft:cow":19,"minecraft:blaze":24,"minecraft:slime":13,"minecraft:bat":1,"minecraft:squid":2,"minecraft:wither_skeleton":7,"minecraft:player":2,"minecraft:enderman":3},"minecraft:broken":{"minecraft:iron_boots":1,"minecraft:stone_pickaxe":1,"minecraft:stone_axe":1,"minecraft:iron_sword":1,"minecraft:iron_axe":1,"minecraft:iron_pickaxe":1,"minecraft:iron_helmet":1},"minecraft:crafted":{"minecraft:black_dye":1,"minecraft:grindstone":1,"minecraft:oak_planks":676,"minecraft:smooth_stone":3,"minecraft:chainmail_helmet":10,"minecraft:oak_sign":3,"minecraft:blaze_powder":2,"minecraft:cooked_chicken":5,"minecraft:loom":1,"minecraft:stone":6,"minecraft:bookshelf":1,"minecraft:cooked_mutton":9,"minecraft:glass":9,"minecraft:iron_boots":1,"minecraft:chest":6,"minecraft:oak_button":1,"minecraft:rail":16,"minecraft:stone_hoe":10,"minecraft:oak_fence":42,"minecraft:smoker":1,"minecraft:glass_bottle":9,"minecraft:oak_slab":12,"minecraft:emerald":102,"minecraft:cooked_porkchop":14,"minecraft:crafting_table":2,"minecraft:wooden_pickaxe":1,"minecraft:iron_helmet":1,"minecraft:chainmail_chestplate":8,"minecraft:smithing_table":1,"minecraft:fletching_table":1,"minecraft:birch_planks":48,"minecraft:brewing_stand":1,"minecraft:dispenser":1,"minecraft:apple":4,"minecraft:lectern":1,"minecraft:iron_chestplate":1,"minecraft:book":5,"minecraft:paper":66,"minecraft:diamond_pickaxe":1,"minecraft:shield":1,"minecraft:stick":864,"minecraft:stone_slab":6,"minecraft:iron_ingot":231,"minecraft:iron_pickaxe":1,"minecraft:gold_ingot":65,"minecraft:redstone_torch":1,"minecraft:composter":1,"minecraft:shears":1,"minecraft:furnace":3,"minecraft:blast_furnace":1,"minecraft:bone_meal":156,"minecraft:oak_trapdoor":2,"minecraft:iron_axe":2,"minecraft:stone_pickaxe":1,"minecraft:lead":10,"minecraft:minecart":1,"minecraft:wheat":504,"minecraft:cooked_beef":38,"minecraft:sugar":1,"minecraft:crimson_planks":4,"minecraft:diamond_sword":1,"minecraft:enchanting_table":1,"minecraft:powered_rail":6,"minecraft:iron_sword":1,"minecraft:bucket":2,"minecraft:stone_axe":1,"minecraft:bread":3,"minecraft:air":0,"minecraft:oak_fence_gate":2,"minecraft:oak_boat":1,"minecraft:white_wool":16,"minecraft:golden_apple":1,"minecraft:chainmail_boots":12,"minecraft:fermented_spider_eye":1,"minecraft:birch_trapdoor":2,"minecraft:writable_book":1,"minecraft:iron_shovel":1,"minecraft:iron_leggings":1,"minecraft:white_bed":1,"minecraft:pumpkin_pie":84,"minecraft:torch":8},"minecraft:custom":{"minecraft:animals_bred":28,"minecraft:interact_with_crafting_table":82,"minecraft:bell_ring":93,"minecraft:leave_game":25,"minecraft:time_since_death":431415,"minecraft:sprint_one_cm":1929402,"minecraft:damage_blocked_by_shield":3443,"minecraft:drop":137,"minecraft:talked_to_villager":205,"minecraft:play_time":584895,"minecraft:deaths":1,"minecraft:jump":11152,"minecraft:interact_with_brewingstand":4,"minecraft:walk_on_water_one_cm":82292,"minecraft:interact_with_furnace":95,"minecraft:traded_with_villager":165,"minecraft:interact_with_loom":2,"minecraft:sleep_in_bed":33,"minecraft:damage_dealt":41658,"minecraft:player_kills":2,"minecraft:crouch_one_cm":184034,"minecraft:interact_with_smoker":20,"minecraft:inspect_dispenser":7,"minecraft:horse_one_cm":68630,"minecraft:mob_kills":254,"minecraft:walk_one_cm":586736,"minecraft:sneak_time":65099,"minecraft:walk_under_water_one_cm":66506,"minecraft:boat_one_cm":25388,"minecraft:interact_with_blast_furnace":14,"minecraft:total_world_time":584895,"minecraft:time_since_rest":6307,"minecraft:damage_taken":6209,"minecraft:damage_absorbed":20,"minecraft:swim_one_cm":65176,"minecraft:fly_one_cm":2499490,"minecraft:open_chest":304,"minecraft:fall_one_cm":303489}},"DataVersion":3700}