{"stats":{"minecraft:custom":{"minecraft:interact_with_furnace":33,"minecraft:mob_kills":78,"minecraft:interact_with_crafting_table":17,"minecraft:leave_game":4,"minecraft:time_since_death":86929,"minecraft:sleep_in_bed":4,"minecraft:time_since_rest":40185,"minecraft:sprint_one_cm":315466,"minecraft:damage_taken":1121,"minecraft:walk_one_cm":71029,"minecraft:damage_blocked_by_shield":920,"minecraft:drop":4,"minecraft:damage_dealt":11008,"minecraft:swim_one_cm":9681,"minecraft:fly_one_cm":263761,"minecraft:open_chest":7,"minecraft:crouch_one_cm":40008,"minecraft:play_time":86929,"minecraft:sneak_time":16729,"minecraft:walk_under_water_one_cm":6220,"minecraft:jump":1700,"minecraft:walk_on_water_one_cm":23027,"minecraft:interact_with_smoker":4,"minecraft:total_world_time":86929,"minecraft:fall_one_cm":47711},"minecraft:broken":{"minecraft:stone_pickaxe":1},"minecraft:picked_up":{"minecraft:crafting_table":7,"minecraft:glow_ink_sac":1,"minecraft:andesite":9,"minecraft:leather":3,"minecraft:smoker":1,"minecraft:oak_log":13,"minecraft:gunpowder":5,"minecraft:lapis_lazuli":102,"minecraft:string":59,"minecraft:bone":7,"minecraft:wheat_seeds":2,"minecraft:cobbled_deepslate":13,"minecraft:raw_gold":21,"minecraft:beef":5,"minecraft:egg":1,"minecraft:furnace":4,"minecraft:raw_iron":59,"minecraft:torch":1,"minecraft:porkchop":14,"minecraft:pointed_dripstone":1,"minecraft:white_bed":4,"minecraft:spider_eye":2,"minecraft:arrow":6,"minecraft:rotten_flesh":30,"minecraft:slime_ball":5,"minecraft:diamond":53,"minecraft:oak_sapling":4,"minecraft:cobblestone":75,"minecraft:mutton":9,"minecraft:coal":86,"minecraft:white_wool":8,"minecraft:ender_pearl":1},"minecraft:dropped":{"minecraft:wheat_seeds":2,"minecraft:pointed_dripstone":1,"minecraft:andesite":2},"minecraft:used":{"minecraft:cooked_mutton":9,"minecraft:water_bucket":51,"minecraft:stone_pickaxe":131,"minecraft:shield":30,"minecraft:wooden_pickaxe":27,"minecraft:iron_sword":129,"minecraft:torch":8,"minecraft:crafting_table":7,"minecraft:white_bed":4,"minecraft:smoker":1,"minecraft:iron_pickaxe":134,"minecraft:iron_boots":1,"minecraft:stone_axe":72,"minecraft:cobblestone":17,"minecraft:beef":1,"minecraft:oak_sapling":2,"minecraft:furnace":4,"minecraft:cooked_porkchop":8,"minecraft:andesite":5,"minecraft:bucket":52,"minecraft:cobbled_deepslate":2,"minecraft:egg":1,"minecraft:cooked_beef":4,"minecraft:iron_leggings":1},"minecraft:crafted":{"minecraft:cooked_beef":3,"minecraft:oak_planks":36,"minecraft:cooked_porkchop":14,"minecraft:crafting_table":1,"minecraft:wooden_pickaxe":1,"minecraft:iron_helmet":1,"minecraft:iron_sword":1,"minecraft:furnace":2,"minecraft:bucket":1,"minecraft:stone_axe":1,"minecraft:cooked_mutton":9,"minecraft:air":0,"minecraft:iron_boots":1,"minecraft:iron_chestplate":1,"minecraft:shield":1,"minecraft:iron_axe":1,"minecraft:stick":16,"minecraft:iron_ingot":54,"minecraft:iron_pickaxe":1,"minecraft:stone_pickaxe":1,"minecraft:iron_shovel":1,"minecraft:iron_leggings":1,"minecraft:white_bed":1,"minecraft:torch":8,"minecraft:smoker":1},"minecraft:killed":{"minecraft:cave_spider":3,"minecraft:pig":8,"minecraft:zombie_villager":1,"minecraft:spider":10,"minecraft:slime":13,"minecraft:creeper":3,"minecraft:sheep":8,"minecraft:skeleton":3,"minecraft:zombie":23,"minecraft:enderman":1,"minecraft:cow":2},"minecraft:mined":{"minecraft:white_bed":4,"minecraft:deepslate_diamond_ore":53,"minecraft:smoker":1,"minecraft:crafting_table":7,"minecraft:torch":1,"minecraft:short_grass":4,"minecraft:cobblestone":17,"minecraft:deepslate_gold_ore":20,"minecraft:lapis_ore":5,"minecraft:spawner":1,"minecraft:furnace":4,"minecraft:iron_ore":60,"minecraft:fire":1,"minecraft:andesite":5,"minecraft:deepslate_lapis_ore":12,"minecraft:pointed_dripstone":1,"minecraft:oak_log":13,"minecraft:coal_ore":34,"minecraft:rail":1,"minecraft:dripstone_block":1,"minecraft:cobweb":11,"minecraft:stone":42,"minecraft:deepslate":31,"minecraft:gold_ore":1,"minecraft:oak_leaves":19}},"DataVersion":3700}