{"stats":{"minecraft:mined":{"minecraft:dragon_wall_head":1,"minecraft:white_bed":17,"minecraft:cherry_log":123,"minecraft:obsidian":158,"minecraft:granite":22,"minecraft:hopper":8,"minecraft:nether_wart":313,"minecraft:oak_wall_sign":1,"minecraft:oxeye_daisy":2,"minecraft:spawner":8,"minecraft:tall_seagrass":4,"minecraft:magma_block":2,"minecraft:cobbled_deepslate":170,"minecraft:fire":113,"minecraft:barrel":10,"minecraft:fletching_table":1,"minecraft:deepslate_lapis_ore":21,"minecraft:nether_brick_stairs":4,"minecraft:dirt_path":71,"minecraft:oak_stairs":3,"minecraft:quartz_slab":110,"minecraft:tripwire":2,"minecraft:brown_mushroom":19,"minecraft:kelp_plant":2,"minecraft:smoker":3,"minecraft:crimson_nylium":44,"minecraft:soul_fire":18,"minecraft:powder_snow":3,"minecraft:torch":42,"minecraft:blast_furnace":2,"minecraft:glass":101,"minecraft:sugar_cane":2333,"minecraft:damaged_anvil":1,"minecraft:white_terracotta":2,"minecraft:wheat":14,"minecraft:oak_fence_gate":3,"minecraft:loom":10,"minecraft:stonecutter":1,"minecraft:piston":19,"minecraft:deepslate":655,"minecraft:mossy_cobblestone":2,"minecraft:cherry_sapling":2,"minecraft:shulker_box":59,"minecraft:end_stone":578,"minecraft:nether_bricks":1186,"minecraft:cobbled_deepslate_slab":8,"minecraft:crimson_roots":6,"minecraft:redstone_wire":159,"minecraft:red_mushroom":13,"minecraft:cherry_wall_sign":1,"minecraft:redstone_ore":18,"minecraft:andesite":17,"minecraft:potatoes":5,"minecraft:rail":632,"minecraft:white_wool":2,"minecraft:ender_chest":33,"minecraft:smithing_table":9,"minecraft:redstone_block":5,"minecraft:cherry_planks":8,"minecraft:soul_sand":91,"minecraft:stone_brick_slab":1,"minecraft:dandelion":2,"minecraft:cornflower":1,"minecraft:short_grass":257,"minecraft:dropper":1,"minecraft:purpur_pillar":11,"minecraft:tall_grass":46,"minecraft:deepslate_gold_ore":136,"minecraft:diorite":27,"minecraft:white_carpet":4,"minecraft:birch_leaves":11,"minecraft:gravel":28,"minecraft:dripstone_block":1,"minecraft:cobweb":21,"minecraft:oak_button":3,"minecraft:polished_blackstone":198,"minecraft:stone_bricks":2,"minecraft:gold_ore":28,"minecraft:oak_sapling":10,"minecraft:cobblestone_stairs":9,"minecraft:sculk_vein":1,"minecraft:brewing_stand":1,"minecraft:cherry_trapdoor":1,"minecraft:grass_block":1783,"minecraft:composter":2,"minecraft:glowstone":14,"minecraft:iron_ore":594,"minecraft:turtle_egg":6,"minecraft:anvil":4,"minecraft:pointed_dripstone":1,"minecraft:azalea":1,"minecraft:end_stone_bricks":9,"minecraft:spruce_slab":3,"minecraft:deepslate_redstone_ore":53,"minecraft:quartz_block":127,"minecraft:blackstone":2225,"minecraft:purpur_stairs":1,"minecraft:jungle_stairs":2,"minecraft:poppy":1,"minecraft:chest":26,"minecraft:mushroom_stem":9,"minecraft:nether_quartz_ore":1076,"minecraft:cobblestone":237,"minecraft:grindstone":8,"minecraft:oak_planks":66,"minecraft:iron_door":4,"minecraft:wall_torch":10,"minecraft:pink_petals":2,"minecraft:seagrass":8,"minecraft:powered_rail":24,"minecraft:birch_log":38,"minecraft:birch_trapdoor":17,"minecraft:activator_rail":8,"minecraft:tnt":1,"minecraft:purpur_block":1,"minecraft:oak_log":602,"minecraft:sand":280,"minecraft:dirt":757,"minecraft:wither_skeleton_skull":2,"minecraft:dispenser":7,"minecraft:netherrack":6437,"minecraft:ancient_debris":3,"minecraft:oak_leaves":442,"minecraft:nether_gold_ore":32,"minecraft:diamond_ore":1,"minecraft:crying_obsidian":6,"minecraft:tuff":36,"minecraft:deepslate_diamond_ore":543,"minecraft:oak_door":6,"minecraft:lever":1,"minecraft:white_stained_glass":1,"minecraft:brown_mushroom_block":90,"minecraft:crimson_stem":26,"minecraft:hay_block":56,"minecraft:oak_trapdoor":1,"minecraft:furnace":4,"minecraft:carrots":17,"minecraft:gold_block":5,"minecraft:bookshelf":74,"minecraft:deepslate_iron_ore":141,"minecraft:lantern":8,"minecraft:stripped_oak_log":2,"minecraft:packed_ice":734,"minecraft:chorus_plant":1,"minecraft:stone":570,"minecraft:redstone_wall_torch":2,"minecraft:basalt":188,"minecraft:oak_fence":11,"minecraft:crafting_table":14,"minecraft:lectern":65,"minecraft:lapis_ore":10,"minecraft:birch_planks":31,"minecraft:end_stone_brick_stairs":15,"minecraft:polished_blackstone_slab":32,"minecraft:redstone_torch":4,"minecraft:yellow_bed":1,"minecraft:coal_ore":339,"minecraft:cherry_leaves":55,"minecraft:cracked_stone_bricks":5},"minecraft:used":{"minecraft:writable_book":10,"minecraft:dispenser":9,"minecraft:polished_blackstone":1026,"minecraft:elytra":186,"minecraft:ladder":6,"minecraft:chest":42,"minecraft:stone":14,"minecraft:soul_sand":50,"minecraft:polished_blackstone_slab":396,"minecraft:lava_bucket":75,"minecraft:grass_block":58,"minecraft:birch_sapling":7,"minecraft:quartz_block":363,"minecraft:bow":106,"minecraft:oak_sapling":87,"minecraft:furnace":6,"minecraft:egg":601,"minecraft:end_stone_brick_stairs":67,"minecraft:potato":9,"minecraft:short_grass":1,"minecraft:damaged_anvil":1,"minecraft:diorite":10,"minecraft:end_stone_bricks":2,"minecraft:powered_rail":29,"minecraft:blackstone":2,"minecraft:wooden_pickaxe":27,"minecraft:composter":4,"minecraft:purpur_pillar":4,"minecraft:golden_apple":8,"minecraft:sand":6,"minecraft:blast_furnace":3,"minecraft:lectern":78,"minecraft:cherry_sign":22,"minecraft:diamond_sword":3518,"minecraft:fire_charge":1,"minecraft:smithing_table":11,"minecraft:white_stained_glass":1,"minecraft:oak_boat":22,"minecraft:oak_trapdoor":3,"minecraft:enchanting_table":1,"minecraft:netherrack":1869,"minecraft:torch":68,"minecraft:brewing_stand":3,"minecraft:anvil":8,"minecraft:cod_bucket":3,"minecraft:oak_fence_gate":5,"minecraft:iron_axe":433,"minecraft:barrel":11,"minecraft:diamond_chestplate":180,"minecraft:tripwire_hook":2,"minecraft:basalt":15,"minecraft:beef":1,"minecraft:cherry_fence":4,"minecraft:cobbled_deepslate":230,"minecraft:wheat_seeds":50,"minecraft:water_bucket":1522,"minecraft:birch_planks":31,"minecraft:cherry_planks":96,"minecraft:fletching_table":2,"minecraft:cracked_stone_bricks":4,"minecraft:mossy_cobblestone":2,"minecraft:rail":638,"minecraft:tnt":25,"minecraft:crafting_table":16,"minecraft:white_bed":13,"minecraft:oak_log":46,"minecraft:ender_eye":22,"minecraft:diamond_pickaxe":17620,"minecraft:diamond_shovel":2424,"minecraft:iron_pickaxe":248,"minecraft:oak_button":6,"minecraft:suspicious_stew":8,"minecraft:cobblestone":361,"minecraft:porkchop":4,"minecraft:cooked_porkchop":22,"minecraft:stripped_oak_log":1,"minecraft:diamond_leggings":5,"minecraft:cherry_sapling":9,"minecraft:iron_shovel":509,"minecraft:oak_sign":2,"minecraft:shield":128,"minecraft:white_terracotta":2,"minecraft:iron_sword":240,"minecraft:nether_wart":294,"minecraft:iron_chestplate":2,"minecraft:nether_bricks":256,"minecraft:carrot":54,"minecraft:tuff":6,"minecraft:obsidian":80,"minecraft:glass":249,"minecraft:coal_ore":18,"minecraft:quartz_slab":526,"minecraft:lantern":10,"minecraft:iron_helmet":2,"minecraft:deepslate_diamond_ore":152,"minecraft:birch_trapdoor":33,"minecraft:golden_boots":3,"minecraft:diamond_boots":3,"minecraft:dropper":1,"minecraft:wither_skeleton_skull":5,"minecraft:stone_pickaxe":131,"minecraft:oak_planks":171,"minecraft:ender_pearl":79,"minecraft:redstone_block":5,"minecraft:sugar_cane":253,"minecraft:diamond_axe":1291,"minecraft:white_wool":2,"minecraft:loom":11,"minecraft:mushroom_stew":6,"minecraft:end_stone":144,"minecraft:shears":14,"minecraft:redstone_torch":7,"minecraft:lever":14,"minecraft:firework_rocket":628,"minecraft:bread":4,"minecraft:string":8,"minecraft:deepslate":13,"minecraft:gravel":20,"minecraft:chainmail_boots":1,"minecraft:grindstone":9,"minecraft:andesite":11,"minecraft:tropical_fish_bucket":7,"minecraft:bone_meal":149,"minecraft:experience_bottle":3,"minecraft:oak_fence":48,"minecraft:purpur_block":1,"minecraft:flint_and_steel":24,"minecraft:redstone":159,"minecraft:ender_chest":31,"minecraft:stone_hoe":149,"minecraft:cooked_chicken":5,"minecraft:oak_door":6,"minecraft:dirt":784,"minecraft:white_carpet":4,"minecraft:hopper":16,"minecraft:diamond_helmet":4,"minecraft:shulker_box":60,"minecraft:granite":11,"minecraft:stone_brick_slab":1,"minecraft:bookshelf":89,"minecraft:oak_stairs":1,"minecraft:cherry_trapdoor":30,"minecraft:iron_boots":7,"minecraft:golden_carrot":555,"minecraft:minecart":28,"minecraft:cooked_beef":39,"minecraft:iron_leggings":2,"minecraft:cooked_mutton":54,"minecraft:iron_ore":70,"minecraft:cobblestone_stairs":3,"minecraft:glass_bottle":11,"minecraft:brown_mushroom":5,"minecraft:stonecutter":2,"minecraft:smoker":4,"minecraft:piston":31,"minecraft:activator_rail":8,"minecraft:lapis_ore":1,"minecraft:stone_axe":78,"minecraft:cobbled_deepslate_slab":190,"minecraft:bucket":1611,"minecraft:yellow_bed":1,"minecraft:pumpkin_pie":136,"minecraft:smooth_stone":7,"minecraft:splash_potion":2},"minecraft:killed":{"minecraft:cave_spider":4,"minecraft:cod":1,"minecraft:shulker":82,"minecraft:skeleton":200,"minecraft:chicken":91,"minecraft:magma_cube":54,"minecraft:ender_dragon":1,"minecraft:zombie":328,"minecraft:glow_squid":2,"minecraft:cow":31,"minecraft:enderman":4893,"minecraft:witch":5,"minecraft:zombified_piglin":1,"minecraft:spider":70,"minecraft:wither":1,"minecraft:silverfish":5,"minecraft:piglin_brute":1,"minecraft:piglin":55,"minecraft:pig":8,"minecraft:zombie_villager":4,"minecraft:creeper":169,"minecraft:sheep":39,"minecraft:ghast":2,"minecraft:blaze":60,"minecraft:slime":27,"minecraft:drowned":4,"minecraft:bat":1,"minecraft:hoglin":11,"minecraft:squid":6,"minecraft:wither_skeleton":102,"minecraft:player":3},"minecraft:custom":{"minecraft:interact_with_crafting_table":247,"minecraft:open_barrel":263,"minecraft:bell_ring":93,"minecraft:leave_game":102,"minecraft:time_since_death":238296,"minecraft:damage_blocked_by_shield":3704,"minecraft:play_time":3402390,"minecraft:deaths":11,"minecraft:jump":50490,"minecraft:enchant_item":6,"minecraft:interact_with_furnace":201,"minecraft:traded_with_villager":3994,"minecraft:sleep_in_bed":127,"minecraft:damage_dealt":312031,"minecraft:interact_with_smoker":36,"minecraft:inspect_dispenser":41,"minecraft:horse_one_cm":323438,"minecraft:interact_with_smithing_table":6,"minecraft:inspect_dropper":1,"minecraft:interact_with_anvil":79,"minecraft:inspect_hopper":249,"minecraft:sneak_time":328377,"minecraft:interact_with_blast_furnace":117,"minecraft:total_world_time":3402390,"minecraft:interact_with_stonecutter":5,"minecraft:time_since_rest":13415,"minecraft:swim_one_cm":289187,"minecraft:fly_one_cm":16945504,"minecraft:open_chest":2613,"minecraft:fall_one_cm":1247632,"minecraft:animals_bred":59,"minecraft:open_shulker_box":180,"minecraft:sprint_one_cm":11141307,"minecraft:drop":2821,"minecraft:talked_to_villager":1474,"minecraft:interact_with_brewingstand":20,"minecraft:walk_on_water_one_cm":793864,"minecraft:interact_with_loom":4,"minecraft:open_enderchest":172,"minecraft:player_kills":3,"minecraft:crouch_one_cm":1050683,"minecraft:mob_kills":6313,"minecraft:climb_one_cm":10493,"minecraft:walk_one_cm":3359686,"minecraft:walk_under_water_one_cm":357098,"minecraft:boat_one_cm":190915,"minecraft:interact_with_grindstone":10,"minecraft:damage_taken":50676,"minecraft:damage_absorbed":300,"minecraft:aviate_one_cm":19136882},"minecraft:crafted":{"minecraft:ender_chest":3,"minecraft:black_dye":1,"minecraft:smooth_stone":158,"minecraft:chainmail_helmet":10,"minecraft:oak_sign":3,"minecraft:blaze_powder":18,"minecraft:birch_slab":6,"minecraft:loom":1,"minecraft:polished_blackstone_slab":510,"minecraft:lever":3,"minecraft:diamond_shovel":3,"minecraft:bookshelf":102,"minecraft:cooked_mutton":54,"minecraft:shulker_box":6,"minecraft:iron_bars":16,"minecraft:glass":418,"minecraft:quartz_block":598,"minecraft:diamond_helmet":3,"minecraft:repeater":12,"minecraft:diamond_leggings":3,"minecraft:beacon":1,"minecraft:polished_blackstone":2220,"minecraft:glass_bottle":9,"minecraft:emerald":3332,"minecraft:cooked_porkchop":14,"minecraft:diamond_axe":3,"minecraft:smithing_table":2,"minecraft:fletching_table":1,"minecraft:end_stone_brick_stairs":124,"minecraft:lectern":13,"minecraft:cherry_sign":21,"minecraft:stone_slab":6,"minecraft:compass":7,"minecraft:iron_pickaxe":1,"minecraft:iron_block":12,"minecraft:gold_ingot":295,"minecraft:composter":2,"minecraft:golden_carrot":636,"minecraft:iron_nugget":47,"minecraft:experience_bottle":3,"minecraft:bone_meal":174,"minecraft:white_carpet":6,"minecraft:cherry_trapdoor":26,"minecraft:lantern":26,"minecraft:ladder":15,"minecraft:ender_pearl":11,"minecraft:stone_pickaxe":1,"minecraft:diamond_boots":4,"minecraft:quartz_slab":491,"minecraft:redstone_block":19,"minecraft:lead":10,"minecraft:wheat":504,"minecraft:coal_block":15,"minecraft:enchanting_table":1,"minecraft:white_stained_glass":88,"minecraft:enchanted_book":62,"minecraft:oak_fence_gate":2,"minecraft:red_stained_glass":8,"minecraft:golden_apple":21,"minecraft:chainmail_boots":12,"minecraft:fermented_spider_eye":2,"minecraft:birch_trapdoor":18,"minecraft:writable_book":1,"minecraft:iron_shovel":2,"minecraft:iron_leggings":2,"minecraft:white_bed":1,"minecraft:grindstone":1,"minecraft:oak_planks":2212,"minecraft:barrel":1,"minecraft:cherry_slab":78,"minecraft:cooked_chicken":5,"minecraft:stone":34,"minecraft:cobblestone_stairs":4,"minecraft:suspicious_stew":7,"minecraft:hopper":14,"minecraft:bow":6,"minecraft:iron_boots":12,"minecraft:chest":46,"minecraft:oak_button":2,"minecraft:cod_bucket":1,"minecraft:rail":48,"minecraft:stone_hoe":10,"minecraft:ender_eye":16,"minecraft:cherry_fence":6,"minecraft:oak_fence":42,"minecraft:respawn_anchor":1,"minecraft:smoker":1,"minecraft:dropper":1,"minecraft:oak_slab":30,"minecraft:crafting_table":4,"minecraft:wooden_pickaxe":1,"minecraft:iron_helmet":2,"minecraft:chainmail_chestplate":8,"minecraft:birch_planks":152,"minecraft:brewing_stand":2,"minecraft:dispenser":2,"minecraft:tnt":36,"minecraft:apple":8,"minecraft:book":26,"minecraft:iron_chestplate":2,"minecraft:paper":3435,"minecraft:diamond_pickaxe":3,"minecraft:shield":2,"minecraft:stick":2780,"minecraft:iron_ingot":1181,"minecraft:redstone_torch":26,"minecraft:shears":2,"minecraft:cherry_planks":488,"minecraft:cobbled_deepslate_slab":288,"minecraft:redstone":34,"minecraft:tripwire_hook":2,"minecraft:furnace":4,"minecraft:blast_furnace":1,"minecraft:piston":17,"minecraft:mushroom_stew":8,"minecraft:diamond_block":90,"minecraft:oak_trapdoor":2,"minecraft:end_stone_bricks":188,"minecraft:flint_and_steel":1,"minecraft:iron_axe":7,"minecraft:minecart":3,"minecraft:cooked_beef":38,"minecraft:sugar":2,"minecraft:red_dye":1,"minecraft:crimson_planks":52,"minecraft:diamond_sword":3,"minecraft:powered_rail":6,"minecraft:iron_sword":1,"minecraft:bowl":4,"minecraft:bucket":3,"minecraft:stone_axe":11,"minecraft:air":0,"minecraft:bread":3,"minecraft:oak_boat":2,"minecraft:white_wool":2094,"minecraft:white_dye":13,"minecraft:cherry_door":3,"minecraft:stonecutter":1,"minecraft:anvil":4,"minecraft:pumpkin_pie":136,"minecraft:torch":216,"minecraft:diamond_chestplate":3,"minecraft:firework_rocket":657},"minecraft:dropped":{"minecraft:crimson_stem":2,"minecraft:lapis_lazuli":40,"minecraft:crafting_table":1,"minecraft:cooked_porkchop":2,"minecraft:saddle":1,"minecraft:elytra":1,"minecraft:rail":8,"minecraft:leather_helmet":1,"minecraft:dirt":42,"minecraft:gold_nugget":16,"minecraft:bone_meal":15,"minecraft:white_wool":1093,"minecraft:bone":90,"minecraft:stone_axe":53,"minecraft:iron_nugget":24,"minecraft:golden_chestplate":2,"minecraft:cobbled_deepslate":139,"minecraft:nether_brick":60,"minecraft:rotten_flesh":80,"minecraft:oak_planks":5,"minecraft:quartz_block":300,"minecraft:glass":294,"minecraft:beef":45,"minecraft:enchanted_book":3,"minecraft:wheat_seeds":4,"minecraft:oak_fence":1,"minecraft:cobblestone":62,"minecraft:iron_helmet":3,"minecraft:granite":24,"minecraft:chainmail_helmet":10,"minecraft:golden_carrot":4,"minecraft:diamond_helmet":2,"minecraft:potion":2,"minecraft:heart_of_the_sea":1,"minecraft:paper":1653,"minecraft:string":518,"minecraft:stone_sword":3,"minecraft:deepslate":3,"minecraft:iron_boots":15,"minecraft:nether_bricks":4,"minecraft:spider_eye":1,"minecraft:bow":2,"minecraft:quartz_slab":6,"minecraft:nether_brick_stairs":4,"minecraft:soul_sand":9,"minecraft:birch_planks":18,"minecraft:ender_pearl":7127,"minecraft:leather":20,"minecraft:iron_horse_armor":1,"minecraft:cod":1,"minecraft:mutton":8,"minecraft:crimson_roots":15,"minecraft:gold_ingot":121,"minecraft:gravel":50,"minecraft:crimson_fungus":2,"minecraft:blackstone":27,"minecraft:pointed_dripstone":1,"minecraft:carrot":4,"minecraft:chainmail_chestplate":8,"minecraft:leather_chestplate":1,"minecraft:birch_trapdoor":7,"minecraft:chainmail_boots":8,"minecraft:basalt":66,"minecraft:arrow":41,"minecraft:netherrack":5026,"minecraft:firework_rocket":1,"minecraft:stone_hoe":15,"minecraft:bread":2,"minecraft:golden_helmet":1,"minecraft:diamond_leggings":2,"minecraft:grass_block":64,"minecraft:stick":23,"minecraft:diorite":21,"minecraft:torch":15,"minecraft:iron_leggings":3,"minecraft:iron_axe":4,"minecraft:bucket":2,"minecraft:kelp":41,"minecraft:blaze_rod":74,"minecraft:tuff":8,"minecraft:flint_and_steel":2,"minecraft:filled_map":2,"minecraft:shield":4,"minecraft:iron_chestplate":3,"minecraft:andesite":4,"minecraft:oak_boat":3,"minecraft:golden_sword":4,"minecraft:diamond_boots":2,"minecraft:wooden_pickaxe":1,"minecraft:magma_cream":10},"minecraft:killed_by":{"minecraft:zombie":1,"minecraft:wither_skeleton":2,"minecraft:creeper":1},"minecraft:broken":{"minecraft:diamond_helmet":1,"minecraft:iron_boots":1,"minecraft:diamond_pickaxe":1,"minecraft:iron_sword":1,"minecraft:diamond_leggings":1,"minecraft:shield":1,"minecraft:iron_axe":1,"minecraft:iron_pickaxe":1,"minecraft:iron_helmet":1,"minecraft:iron_shovel":2,"minecraft:stone_pickaxe":1,"minecraft:diamond_boots":1,"minecraft:stone_axe":1,"minecraft:diamond_sword":1,"minecraft:diamond_axe":1},"minecraft:picked_up":{"minecraft:seagrass":16,"minecraft:iron_chestplate":4,"minecraft:chainmail_boots":9,"minecraft:anvil":4,"minecraft:diamond_sword":11,"minecraft:smithing_table":9,"minecraft:lead":30,"minecraft:oak_stairs":3,"minecraft:enchanted_book":10,"minecraft:brewing_stand":1,"minecraft:golden_sword":7,"minecraft:string":16111,"minecraft:soul_soil":4,"minecraft:diamond_leggings":10,"minecraft:gold_nugget":204,"minecraft:cobbled_deepslate":937,"minecraft:golden_helmet":1,"minecraft:composter":2,"minecraft:purpur_pillar":16,"minecraft:cherry_log":122,"minecraft:golden_chestplate":2,"minecraft:stone_sword":10,"minecraft:tropical_fish":3,"minecraft:glowstone":14,"minecraft:white_terracotta":2,"minecraft:blaze_rod":183,"minecraft:birch_log":38,"minecraft:magma_block":2,"minecraft:feather":12,"minecraft:iron_door":3,"minecraft:water_bucket":11,"minecraft:smoker":3,"minecraft:flint":7,"minecraft:cherry_fence":6,"minecraft:lantern":32,"minecraft:stonecutter":1,"minecraft:diamond_helmet":9,"minecraft:glowstone_dust":1,"minecraft:moss_block":1,"minecraft:dropper":1,"minecraft:ink_sac":27,"minecraft:loom":10,"minecraft:barrel":10,"minecraft:dispenser":7,"minecraft:deepslate":42,"minecraft:lever":12,"minecraft:granite":46,"minecraft:chainmail_helmet":10,"minecraft:bread":2,"minecraft:crimson_roots":16,"minecraft:diamond_pickaxe":17,"minecraft:crafting_table":15,"minecraft:nether_wart":1032,"minecraft:leather_leggings":1,"minecraft:dragon_head":3,"minecraft:purpur_block":1,"minecraft:cornflower":2,"minecraft:elytra":11,"minecraft:flint_and_steel":4,"minecraft:white_stained_glass":1,"minecraft:iron_shovel":3,"minecraft:cracked_stone_bricks":5,"minecraft:deepslate_diamond_ore":152,"minecraft:beef":122,"minecraft:poppy":2,"minecraft:iron_nugget":56,"minecraft:spruce_slab":2,"minecraft:minecart":58,"minecraft:chest":28,"minecraft:birch_sapling":10,"minecraft:piston":31,"minecraft:egg":668,"minecraft:stone":186,"minecraft:oak_door":6,"minecraft:fire_charge":11,"minecraft:carrot":67,"minecraft:redstone":599,"minecraft:tnt":5,"minecraft:diamond_chestplate":11,"minecraft:beetroot_seeds":5,"minecraft:diamond_boots":11,"minecraft:hay_block":56,"minecraft:gold_ingot":75,"minecraft:polished_blackstone":307,"minecraft:glow_berries":6,"minecraft:mutton":70,"minecraft:white_wool":1429,"minecraft:rail":775,"minecraft:oxeye_daisy":4,"minecraft:lapis_ore":1,"minecraft:stripped_oak_log":2,"minecraft:red_mushroom":13,"minecraft:filled_map":1,"minecraft:oak_log":606,"minecraft:ancient_debris":3,"minecraft:paper":1653,"minecraft:white_banner":1,"minecraft:apple":26,"minecraft:stone_bricks":2,"minecraft:kelp":54,"minecraft:oak_fence_gate":3,"minecraft:iron_ore":70,"minecraft:cobweb":9,"minecraft:cherry_sign":1,"minecraft:glass_bottle":5,"minecraft:iron_sword":1,"minecraft:gravel":84,"minecraft:crying_obsidian":21,"minecraft:dragon_egg":1,"minecraft:leather_helmet":2,"minecraft:firework_rocket":440,"minecraft:diamond_shovel":6,"minecraft:coal_ore":18,"minecraft:slime_ball":30,"minecraft:stone_axe":53,"minecraft:short_grass":1,"minecraft:diamond_axe":10,"minecraft:gray_wool":33,"minecraft:oak_button":4,"minecraft:baked_potato":1,"minecraft:hopper":7,"minecraft:ender_pearl":7259,"minecraft:shulker_shell":71,"minecraft:wheat":14,"minecraft:redstone_block":5,"minecraft:ender_chest":38,"minecraft:turtle_egg":6,"minecraft:potion":8,"minecraft:nether_brick":72,"minecraft:raw_copper":3,"minecraft:iron_leggings":3,"minecraft:oak_sign":1,"minecraft:activator_rail":26,"minecraft:smooth_stone":7,"minecraft:bucket":3,"minecraft:redstone_torch":7,"minecraft:ender_eye":11,"minecraft:azalea":1,"minecraft:iron_pickaxe":2,"minecraft:iron_boots":17,"minecraft:furnace":4,"minecraft:stick":206,"minecraft:birch_trapdoor":55,"minecraft:oak_fence":11,"minecraft:torch":494,"minecraft:porkchop":18,"minecraft:pointed_dripstone":1,"minecraft:diorite":56,"minecraft:quartz_block":482,"minecraft:rotten_flesh":494,"minecraft:obsidian":289,"minecraft:cod":2,"minecraft:cobblestone":749,"minecraft:pink_petals":12,"minecraft:leather_chestplate":4,"minecraft:magma_cream":40,"minecraft:cherry_planks":8,"minecraft:andesite":29,"minecraft:golden_leggings":2,"minecraft:potato":15,"minecraft:tuff":18,"minecraft:wither_skeleton_skull":5,"minecraft:lapis_lazuli":514,"minecraft:dirt":2060,"minecraft:name_tag":10,"minecraft:glass":488,"minecraft:bone":842,"minecraft:bow":25,"minecraft:wheat_seeds":178,"minecraft:raw_gold":624,"minecraft:cobbled_deepslate_slab":8,"minecraft:grindstone":8,"minecraft:fletching_table":1,"minecraft:powered_rail":37,"minecraft:oak_planks":254,"minecraft:stone_hoe":7,"minecraft:ghast_tear":3,"minecraft:cooked_porkchop":95,"minecraft:music_disc_13":1,"minecraft:polished_blackstone_slab":144,"minecraft:sand":280,"minecraft:nether_brick_stairs":4,"minecraft:grass_block":1192,"minecraft:spectral_arrow":92,"minecraft:shulker_box":62,"minecraft:mossy_cobblestone":2,"minecraft:sugar":4,"minecraft:diamond":1536,"minecraft:crossbow":1,"minecraft:bone_meal":47,"minecraft:golden_apple":19,"minecraft:emerald":308,"minecraft:oak_sapling":266,"minecraft:netherrack":9076,"minecraft:chorus_fruit":30,"minecraft:nether_star":1,"minecraft:end_stone_bricks":11,"minecraft:end_stone_brick_stairs":15,"minecraft:splash_potion":9,"minecraft:chicken":14,"minecraft:ladder":18,"minecraft:packed_ice":718,"minecraft:brown_mushroom":75,"minecraft:gold_block":5,"minecraft:shield":7,"minecraft:oak_trapdoor":1,"minecraft:iron_axe":5,"minecraft:quartz_slab":77,"minecraft:blackstone":2259,"minecraft:detector_rail":3,"minecraft:oak_boat":24,"minecraft:light_gray_wool":59,"minecraft:lectern":65,"minecraft:sugar_cane":4267,"minecraft:cherry_trapdoor":6,"minecraft:raw_iron":1744,"minecraft:end_stone":672,"minecraft:copper_ingot":1,"minecraft:iron_horse_armor":2,"minecraft:arrow":478,"minecraft:pumpkin_pie":23,"minecraft:jungle_stairs":2,"minecraft:nether_bricks":1185,"minecraft:saddle":5,"minecraft:basalt":201,"minecraft:golden_carrot":226,"minecraft:glow_ink_sac":55,"minecraft:crimson_stem":27,"minecraft:leather":85,"minecraft:birch_planks":49,"minecraft:crimson_fungus":2,"minecraft:chainmail_chestplate":8,"minecraft:yellow_bed":1,"minecraft:gunpowder":382,"minecraft:cobblestone_stairs":9,"minecraft:cooked_mutton":29,"minecraft:heart_of_the_sea":1,"minecraft:iron_ingot":31,"minecraft:soul_sand":124,"minecraft:book":223,"minecraft:stone_brick_slab":1,"minecraft:quartz":2498,"minecraft:dandelion":17,"minecraft:lava_bucket":1,"minecraft:blast_furnace":2,"minecraft:white_bed":17,"minecraft:spider_eye":56,"minecraft:chainmail_leggings":2,"minecraft:iron_helmet":5,"minecraft:cherry_sapling":101,"minecraft:damaged_anvil":1,"minecraft:coal":880}},"DataVersion":3700}