{"stats":{"minecraft:killed":{"minecraft:cave_spider":3,"minecraft:witch":1,"minecraft:spider":13,"minecraft:slime":13,"minecraft:skeleton":23,"minecraft:piglin":1,"minecraft:pig":8,"minecraft:zombie_villager":1,"minecraft:bat":1,"minecraft:creeper":4,"minecraft:sheep":8,"minecraft:zombie":52,"minecraft:glow_squid":2,"minecraft:wither_skeleton":7,"minecraft:enderman":3,"minecraft:blaze":24,"minecraft:cow":19},"minecraft:picked_up":{"minecraft:iron_chestplate":1,"minecraft:crafting_table":9,"minecraft:wheat":12,"minecraft:chainmail_boots":8,"minecraft:splash_potion":1,"minecraft:nether_wart":34,"minecraft:brown_mushroom":1,"minecraft:lead":19,"minecraft:oak_stairs":2,"minecraft:potion":3,"minecraft:gold_block":1,"minecraft:enchanted_book":1,"minecraft:nether_brick":60,"minecraft:shield":1,"minecraft:oak_trapdoor":1,"minecraft:string":88,"minecraft:iron_axe":1,"minecraft:iron_leggings":1,"minecraft:iron_shovel":1,"minecraft:blackstone":36,"minecraft:oak_sign":1,"minecraft:cracked_stone_bricks":4,"minecraft:gold_nugget":78,"minecraft:cobbled_deepslate":46,"minecraft:beef":40,"minecraft:oak_boat":8,"minecraft:iron_nugget":51,"minecraft:iron_pickaxe":1,"minecraft:light_gray_wool":33,"minecraft:lectern":37,"minecraft:sugar_cane":89,"minecraft:birch_sapling":2,"minecraft:furnace":4,"minecraft:iron_boots":5,"minecraft:egg":4,"minecraft:raw_iron":185,"minecraft:stick":23,"minecraft:oak_door":4,"minecraft:composter":2,"minecraft:oak_fence":9,"minecraft:torch":4,"minecraft:fire_charge":9,"minecraft:porkchop":14,"minecraft:pointed_dripstone":1,"minecraft:diorite":7,"minecraft:carrot":61,"minecraft:arrow":25,"minecraft:rotten_flesh":54,"minecraft:pumpkin_pie":23,"minecraft:nether_bricks":4,"minecraft:hay_block":56,"minecraft:gold_ingot":58,"minecraft:white_terracotta":2,"minecraft:blaze_rod":12,"minecraft:obsidian":10,"minecraft:mutton":9,"minecraft:white_wool":105,"minecraft:cobblestone":155,"minecraft:oxeye_daisy":1,"minecraft:birch_log":5,"minecraft:glow_ink_sac":14,"minecraft:crimson_stem":1,"minecraft:water_bucket":1,"minecraft:andesite":20,"minecraft:leather":27,"minecraft:smoker":3,"minecraft:potato":14,"minecraft:flint":2,"minecraft:oak_log":74,"minecraft:chainmail_chestplate":8,"minecraft:yellow_bed":1,"minecraft:gunpowder":6,"minecraft:cobblestone_stairs":9,"minecraft:lapis_lazuli":102,"minecraft:dirt":205,"minecraft:bone":33,"minecraft:apple":1,"minecraft:bow":3,"minecraft:wheat_seeds":69,"minecraft:raw_gold":27,"minecraft:oak_fence_gate":1,"minecraft:glowstone_dust":1,"minecraft:iron_sword":1,"minecraft:oak_planks":34,"minecraft:soul_sand":59,"minecraft:quartz":18,"minecraft:dandelion":10,"minecraft:gravel":68,"minecraft:nether_brick_stairs":4,"minecraft:white_bed":8,"minecraft:loom":9,"minecraft:crying_obsidian":14,"minecraft:spectral_arrow":77,"minecraft:spider_eye":3,"minecraft:slime_ball":5,"minecraft:diamond":72,"minecraft:iron_helmet":1,"minecraft:granite":2,"minecraft:bone_meal":1,"minecraft:gray_wool":15,"minecraft:oak_sapling":25,"minecraft:netherrack":1162,"minecraft:coal":269,"minecraft:crimson_roots":2,"minecraft:ender_pearl":3},"minecraft:mined":{"minecraft:nether_gold_ore":18,"minecraft:crying_obsidian":1,"minecraft:white_bed":8,"minecraft:deepslate_diamond_ore":72,"minecraft:oak_door":4,"minecraft:cobblestone_stairs":9,"minecraft:obsidian":4,"minecraft:nether_bricks":4,"minecraft:granite":1,"minecraft:grass_block":159,"minecraft:crimson_roots":1,"minecraft:composter":2,"minecraft:nether_wart":31,"minecraft:oak_wall_sign":1,"minecraft:spawner":1,"minecraft:crimson_stem":1,"minecraft:hay_block":56,"minecraft:oak_trapdoor":1,"minecraft:carrots":17,"minecraft:furnace":4,"minecraft:iron_ore":188,"minecraft:fire":29,"minecraft:andesite":7,"minecraft:deepslate_lapis_ore":12,"minecraft:nether_brick_stairs":4,"minecraft:gold_block":1,"minecraft:potatoes":5,"minecraft:pointed_dripstone":1,"minecraft:dirt_path":2,"minecraft:rail":1,"minecraft:oak_stairs":2,"minecraft:stone":97,"minecraft:white_wool":1,"minecraft:brown_mushroom":1,"minecraft:soul_sand":40,"minecraft:crimson_nylium":5,"minecraft:smoker":3,"minecraft:dandelion":1,"minecraft:oak_fence":9,"minecraft:crafting_table":9,"minecraft:torch":1,"minecraft:short_grass":35,"minecraft:lectern":37,"minecraft:tall_grass":2,"minecraft:cobblestone":35,"minecraft:deepslate_gold_ore":21,"minecraft:lapis_ore":5,"minecraft:oak_planks":34,"minecraft:sugar_cane":53,"minecraft:wall_torch":3,"minecraft:diorite":7,"minecraft:white_terracotta":2,"minecraft:birch_log":5,"minecraft:wheat":12,"minecraft:yellow_bed":1,"minecraft:coal_ore":214,"minecraft:oak_log":70,"minecraft:oak_fence_gate":1,"minecraft:gravel":20,"minecraft:loom":9,"minecraft:dirt":18,"minecraft:dripstone_block":1,"minecraft:cobweb":11,"minecraft:cracked_stone_bricks":4,"minecraft:netherrack":958,"minecraft:gold_ore":6,"minecraft:deepslate":60,"minecraft:oak_leaves":50},"minecraft:dropped":{"minecraft:nether_brick_stairs":4,"minecraft:wheat_seeds":2,"minecraft:saddle":1,"minecraft:crimson_roots":2,"minecraft:potion":2,"minecraft:gold_nugget":6,"minecraft:string":2,"minecraft:gold_ingot":116,"minecraft:gravel":50,"minecraft:iron_nugget":24,"minecraft:nether_brick":60,"minecraft:pointed_dripstone":1,"minecraft:iron_boots":2,"minecraft:nether_bricks":4,"minecraft:carrot":3,"minecraft:chainmail_chestplate":8,"minecraft:andesite":2,"minecraft:chainmail_boots":8,"minecraft:wooden_pickaxe":1,"minecraft:netherrack":953},"minecraft:custom":{"minecraft:mob_kills":188,"minecraft:animals_bred":28,"minecraft:interact_with_crafting_table":53,"minecraft:bell_ring":93,"minecraft:leave_game":20,"minecraft:time_since_death":256570,"minecraft:sprint_one_cm":1475024,"minecraft:walk_one_cm":450878,"minecraft:damage_blocked_by_shield":2845,"minecraft:drop":127,"minecraft:talked_to_villager":151,"minecraft:play_time":410050,"minecraft:deaths":1,"minecraft:sneak_time":54309,"minecraft:walk_under_water_one_cm":27375,"minecraft:boat_one_cm":21522,"minecraft:jump":8059,"minecraft:interact_with_blast_furnace":7,"minecraft:walk_on_water_one_cm":50658,"minecraft:total_world_time":410050,"minecraft:interact_with_furnace":77,"minecraft:traded_with_villager":118,"minecraft:interact_with_loom":2,"minecraft:sleep_in_bed":22,"minecraft:time_since_rest":16665,"minecraft:damage_taken":3982,"minecraft:damage_absorbed":20,"minecraft:damage_dealt":30676,"minecraft:swim_one_cm":32007,"minecraft:fly_one_cm":1783636,"minecraft:open_chest":147,"minecraft:crouch_one_cm":155423,"minecraft:fall_one_cm":213838,"minecraft:interact_with_smoker":15,"minecraft:horse_one_cm":68162},"minecraft:broken":{"minecraft:stone_pickaxe":1,"minecraft:stone_axe":1,"minecraft:iron_sword":1,"minecraft:iron_pickaxe":1},"minecraft:used":{"minecraft:oak_fence":47,"minecraft:oak_trapdoor":3,"minecraft:iron_shovel":241,"minecraft:flint_and_steel":9,"minecraft:oak_sign":2,"minecraft:chest":6,"minecraft:shield":95,"minecraft:white_terracotta":2,"minecraft:iron_sword":240,"minecraft:nether_wart":36,"minecraft:stone_hoe":37,"minecraft:netherrack":205,"minecraft:oak_door":4,"minecraft:iron_chestplate":1,"minecraft:soul_sand":35,"minecraft:torch":10,"minecraft:dirt":75,"minecraft:carrot":51,"minecraft:oak_fence_gate":3,"minecraft:obsidian":4,"minecraft:iron_axe":181,"minecraft:birch_sapling":1,"minecraft:iron_helmet":1,"minecraft:iron_boots":5,"minecraft:bow":2,"minecraft:beef":1,"minecraft:oak_sapling":6,"minecraft:furnace":5,"minecraft:egg":2,"minecraft:potato":8,"minecraft:cooked_beef":7,"minecraft:cobbled_deepslate":2,"minecraft:golden_boots":3,"minecraft:iron_leggings":1,"minecraft:wheat_seeds":48,"minecraft:cooked_mutton":9,"minecraft:water_bucket":178,"minecraft:diorite":3,"minecraft:cobblestone_stairs":3,"minecraft:oak_planks":134,"minecraft:stone_pickaxe":131,"minecraft:wooden_pickaxe":27,"minecraft:composter":3,"minecraft:sugar_cane":23,"minecraft:cracked_stone_bricks":4,"minecraft:golden_apple":1,"minecraft:white_wool":1,"minecraft:loom":10,"minecraft:crafting_table":10,"minecraft:white_bed":7,"minecraft:blast_furnace":1,"minecraft:smoker":4,"minecraft:shears":1,"minecraft:diamond_pickaxe":1343,"minecraft:bread":3,"minecraft:iron_pickaxe":248,"minecraft:lectern":38,"minecraft:gravel":18,"minecraft:stone_axe":78,"minecraft:fire_charge":1,"minecraft:andesite":6,"minecraft:diamond_sword":163,"minecraft:cobblestone":43,"minecraft:chainmail_boots":1,"minecraft:smithing_table":1,"minecraft:cooked_porkchop":14,"minecraft:bucket":179,"minecraft:pumpkin_pie":84,"minecraft:oak_boat":8,"minecraft:bone_meal":63},"minecraft:crafted":{"minecraft:smooth_stone":3,"minecraft:oak_planks":264,"minecraft:oak_sign":3,"minecraft:furnace":3,"minecraft:blast_furnace":1,"minecraft:loom":1,"minecraft:stone":3,"minecraft:bone_meal":108,"minecraft:bookshelf":1,"minecraft:cooked_mutton":9,"minecraft:oak_trapdoor":2,"minecraft:iron_boots":1,"minecraft:iron_axe":1,"minecraft:stone_pickaxe":1,"minecraft:chest":6,"minecraft:stone_hoe":10,"minecraft:oak_fence":42,"minecraft:lead":10,"minecraft:smoker":1,"minecraft:wheat":504,"minecraft:cooked_beef":38,"minecraft:oak_slab":12,"minecraft:crimson_planks":4,"minecraft:diamond_sword":1,"minecraft:emerald":66,"minecraft:cooked_porkchop":14,"minecraft:crafting_table":2,"minecraft:wooden_pickaxe":1,"minecraft:iron_helmet":1,"minecraft:iron_sword":1,"minecraft:chainmail_chestplate":8,"minecraft:smithing_table":1,"minecraft:fletching_table":1,"minecraft:bucket":2,"minecraft:birch_planks":20,"minecraft:stone_axe":1,"minecraft:bread":3,"minecraft:air":0,"minecraft:apple":4,"minecraft:oak_fence_gate":2,"minecraft:oak_boat":1,"minecraft:lectern":1,"minecraft:book":3,"minecraft:white_wool":16,"minecraft:iron_chestplate":1,"minecraft:paper":66,"minecraft:diamond_pickaxe":1,"minecraft:shield":1,"minecraft:stick":40,"minecraft:iron_ingot":141,"minecraft:chainmail_boots":12,"minecraft:iron_pickaxe":1,"minecraft:iron_shovel":1,"minecraft:gold_ingot":44,"minecraft:iron_leggings":1,"minecraft:white_bed":1,"minecraft:pumpkin_pie":84,"minecraft:composter":1,"minecraft:torch":8,"minecraft:shears":1}},"DataVersion":3700}