{"stats":{"minecraft:broken":{"minecraft:diamond_helmet":1,"minecraft:iron_boots":1,"minecraft:diamond_pickaxe":1,"minecraft:iron_sword":1,"minecraft:diamond_leggings":1,"minecraft:shield":1,"minecraft:iron_axe":1,"minecraft:iron_pickaxe":1,"minecraft:iron_helmet":1,"minecraft:iron_shovel":2,"minecraft:stone_pickaxe":1,"minecraft:diamond_boots":1,"minecraft:stone_axe":1,"minecraft:diamond_sword":1,"minecraft:diamond_axe":1},"minecraft:picked_up":{"minecraft:seagrass":16,"minecraft:iron_chestplate":4,"minecraft:chainmail_boots":9,"minecraft:anvil":4,"minecraft:diamond_sword":7,"minecraft:lead":30,"minecraft:smithing_table":9,"minecraft:oak_stairs":3,"minecraft:enchanted_book":10,"minecraft:brewing_stand":1,"minecraft:golden_sword":6,"minecraft:string":15985,"minecraft:diamond_leggings":5,"minecraft:gold_nugget":186,"minecraft:cobbled_deepslate":871,"minecraft:golden_helmet":1,"minecraft:composter":2,"minecraft:purpur_pillar":16,"minecraft:cherry_log":122,"minecraft:golden_chestplate":2,"minecraft:tropical_fish":3,"minecraft:white_terracotta":2,"minecraft:blaze_rod":29,"minecraft:birch_log":38,"minecraft:feather":4,"minecraft:iron_door":3,"minecraft:water_bucket":10,"minecraft:smoker":3,"minecraft:flint":7,"minecraft:cherry_fence":6,"minecraft:lantern":32,"minecraft:stonecutter":1,"minecraft:diamond_helmet":4,"minecraft:glowstone_dust":1,"minecraft:moss_block":1,"minecraft:dropper":1,"minecraft:ink_sac":27,"minecraft:loom":10,"minecraft:barrel":10,"minecraft:dispenser":7,"minecraft:deepslate":34,"minecraft:lever":6,"minecraft:granite":46,"minecraft:chainmail_helmet":10,"minecraft:bread":2,"minecraft:crimson_roots":16,"minecraft:diamond_pickaxe":11,"minecraft:crafting_table":15,"minecraft:nether_wart":1007,"minecraft:leather_leggings":1,"minecraft:dragon_head":3,"minecraft:purpur_block":1,"minecraft:cornflower":2,"minecraft:elytra":6,"minecraft:flint_and_steel":1,"minecraft:white_stained_glass":1,"minecraft:iron_shovel":3,"minecraft:cracked_stone_bricks":5,"minecraft:deepslate_diamond_ore":124,"minecraft:beef":122,"minecraft:poppy":2,"minecraft:iron_nugget":56,"minecraft:spruce_slab":2,"minecraft:minecart":58,"minecraft:chest":26,"minecraft:birch_sapling":10,"minecraft:piston":12,"minecraft:egg":9,"minecraft:stone":181,"minecraft:oak_door":6,"minecraft:fire_charge":9,"minecraft:carrot":65,"minecraft:redstone":436,"minecraft:tnt":4,"minecraft:diamond_chestplate":8,"minecraft:beetroot_seeds":5,"minecraft:diamond_boots":5,"minecraft:hay_block":56,"minecraft:gold_ingot":73,"minecraft:polished_blackstone":307,"minecraft:glow_berries":6,"minecraft:mutton":70,"minecraft:white_wool":1429,"minecraft:rail":775,"minecraft:oxeye_daisy":4,"minecraft:lapis_ore":1,"minecraft:stripped_oak_log":2,"minecraft:red_mushroom":13,"minecraft:filled_map":1,"minecraft:oak_log":606,"minecraft:ancient_debris":1,"minecraft:paper":1653,"minecraft:white_banner":1,"minecraft:stone_bricks":2,"minecraft:apple":26,"minecraft:kelp":54,"minecraft:oak_fence_gate":3,"minecraft:iron_ore":70,"minecraft:cobweb":9,"minecraft:cherry_sign":1,"minecraft:glass_bottle":2,"minecraft:iron_sword":1,"minecraft:gravel":69,"minecraft:crying_obsidian":14,"minecraft:leather_helmet":2,"minecraft:firework_rocket":251,"minecraft:diamond_shovel":3,"minecraft:coal_ore":18,"minecraft:slime_ball":30,"minecraft:stone_axe":53,"minecraft:short_grass":1,"minecraft:diamond_axe":7,"minecraft:gray_wool":33,"minecraft:oak_button":4,"minecraft:hopper":3,"minecraft:ender_pearl":7137,"minecraft:shulker_shell":71,"minecraft:wheat":14,"minecraft:ender_chest":25,"minecraft:turtle_egg":6,"minecraft:potion":3,"minecraft:nether_brick":60,"minecraft:raw_copper":3,"minecraft:iron_leggings":3,"minecraft:oak_sign":1,"minecraft:activator_rail":26,"minecraft:smooth_stone":7,"minecraft:bucket":3,"minecraft:redstone_torch":7,"minecraft:ender_eye":11,"minecraft:azalea":1,"minecraft:iron_pickaxe":2,"minecraft:iron_boots":16,"minecraft:furnace":4,"minecraft:stick":206,"minecraft:birch_trapdoor":55,"minecraft:oak_fence":11,"minecraft:torch":163,"minecraft:porkchop":18,"minecraft:pointed_dripstone":1,"minecraft:diorite":56,"minecraft:quartz_block":482,"minecraft:rotten_flesh":392,"minecraft:obsidian":171,"minecraft:cod":2,"minecraft:cobblestone":709,"minecraft:pink_petals":12,"minecraft:magma_cream":4,"minecraft:cherry_planks":8,"minecraft:andesite":28,"minecraft:golden_leggings":1,"minecraft:potato":15,"minecraft:tuff":18,"minecraft:lapis_lazuli":514,"minecraft:dirt":2050,"minecraft:name_tag":10,"minecraft:glass":476,"minecraft:bone":366,"minecraft:bow":20,"minecraft:wheat_seeds":178,"minecraft:raw_gold":624,"minecraft:cobbled_deepslate_slab":8,"minecraft:grindstone":8,"minecraft:fletching_table":1,"minecraft:powered_rail":37,"minecraft:oak_planks":254,"minecraft:stone_hoe":6,"minecraft:ghast_tear":3,"minecraft:cooked_porkchop":48,"minecraft:music_disc_13":1,"minecraft:polished_blackstone_slab":144,"minecraft:sand":280,"minecraft:nether_brick_stairs":4,"minecraft:grass_block":1189,"minecraft:shulker_box":35,"minecraft:spectral_arrow":77,"minecraft:mossy_cobblestone":2,"minecraft:diamond":1205,"minecraft:bone_meal":47,"minecraft:golden_apple":19,"minecraft:emerald":308,"minecraft:oak_sapling":266,"minecraft:netherrack":7283,"minecraft:chorus_fruit":30,"minecraft:end_stone_bricks":11,"minecraft:end_stone_brick_stairs":15,"minecraft:splash_potion":7,"minecraft:chicken":6,"minecraft:brown_mushroom":75,"minecraft:gold_block":5,"minecraft:shield":7,"minecraft:oak_trapdoor":1,"minecraft:iron_axe":5,"minecraft:quartz_slab":77,"minecraft:blackstone":2236,"minecraft:detector_rail":3,"minecraft:oak_boat":24,"minecraft:light_gray_wool":59,"minecraft:lectern":65,"minecraft:sugar_cane":3801,"minecraft:raw_iron":1744,"minecraft:end_stone":568,"minecraft:copper_ingot":1,"minecraft:iron_horse_armor":2,"minecraft:arrow":379,"minecraft:pumpkin_pie":23,"minecraft:jungle_stairs":2,"minecraft:nether_bricks":1183,"minecraft:saddle":5,"minecraft:basalt":12,"minecraft:golden_carrot":64,"minecraft:glow_ink_sac":52,"minecraft:crimson_stem":21,"minecraft:leather":68,"minecraft:birch_planks":49,"minecraft:crimson_fungus":2,"minecraft:chainmail_chestplate":8,"minecraft:yellow_bed":1,"minecraft:gunpowder":226,"minecraft:cobblestone_stairs":9,"minecraft:cooked_mutton":29,"minecraft:heart_of_the_sea":1,"minecraft:iron_ingot":30,"minecraft:soul_sand":96,"minecraft:book":220,"minecraft:stone_brick_slab":1,"minecraft:quartz":2435,"minecraft:dandelion":17,"minecraft:lava_bucket":1,"minecraft:blast_furnace":2,"minecraft:white_bed":17,"minecraft:spider_eye":43,"minecraft:chainmail_leggings":1,"minecraft:iron_helmet":5,"minecraft:cherry_sapling":101,"minecraft:damaged_anvil":1,"minecraft:coal":673},"minecraft:killed":{"minecraft:cave_spider":4,"minecraft:cod":1,"minecraft:shulker":82,"minecraft:skeleton":173,"minecraft:chicken":6,"minecraft:magma_cube":5,"minecraft:ender_dragon":1,"minecraft:zombie":293,"minecraft:glow_squid":2,"minecraft:cow":31,"minecraft:enderman":4839,"minecraft:witch":3,"minecraft:spider":60,"minecraft:silverfish":5,"minecraft:piglin_brute":1,"minecraft:piglin":43,"minecraft:pig":8,"minecraft:zombie_villager":4,"minecraft:creeper":110,"minecraft:sheep":39,"minecraft:ghast":1,"minecraft:blaze":34,"minecraft:slime":27,"minecraft:drowned":4,"minecraft:bat":1,"minecraft:hoglin":7,"minecraft:squid":6,"minecraft:wither_skeleton":12,"minecraft:player":3},"minecraft:mined":{"minecraft:dragon_wall_head":1,"minecraft:white_bed":17,"minecraft:cherry_log":123,"minecraft:obsidian":152,"minecraft:granite":22,"minecraft:hopper":4,"minecraft:nether_wart":305,"minecraft:oak_wall_sign":1,"minecraft:oxeye_daisy":2,"minecraft:spawner":5,"minecraft:tall_seagrass":4,"minecraft:cobbled_deepslate":139,"minecraft:fire":60,"minecraft:barrel":10,"minecraft:fletching_table":1,"minecraft:deepslate_lapis_ore":21,"minecraft:nether_brick_stairs":4,"minecraft:dirt_path":71,"minecraft:oak_stairs":3,"minecraft:quartz_slab":110,"minecraft:tripwire":2,"minecraft:brown_mushroom":19,"minecraft:kelp_plant":2,"minecraft:smoker":3,"minecraft:crimson_nylium":44,"minecraft:soul_fire":3,"minecraft:powder_snow":3,"minecraft:torch":31,"minecraft:blast_furnace":2,"minecraft:glass":85,"minecraft:sugar_cane":2100,"minecraft:damaged_anvil":1,"minecraft:white_terracotta":2,"minecraft:wheat":14,"minecraft:oak_fence_gate":3,"minecraft:loom":10,"minecraft:stonecutter":1,"minecraft:piston":5,"minecraft:deepslate":605,"minecraft:mossy_cobblestone":2,"minecraft:cherry_sapling":2,"minecraft:shulker_box":35,"minecraft:end_stone":474,"minecraft:nether_bricks":1184,"minecraft:cobbled_deepslate_slab":8,"minecraft:crimson_roots":6,"minecraft:red_mushroom":13,"minecraft:cherry_wall_sign":1,"minecraft:redstone_ore":18,"minecraft:andesite":17,"minecraft:potatoes":5,"minecraft:rail":632,"minecraft:white_wool":2,"minecraft:ender_chest":25,"minecraft:smithing_table":9,"minecraft:cherry_planks":8,"minecraft:soul_sand":77,"minecraft:stone_brick_slab":1,"minecraft:dandelion":2,"minecraft:cornflower":1,"minecraft:short_grass":257,"minecraft:dropper":1,"minecraft:purpur_pillar":11,"minecraft:tall_grass":46,"minecraft:deepslate_gold_ore":136,"minecraft:diorite":27,"minecraft:birch_leaves":11,"minecraft:gravel":26,"minecraft:dripstone_block":1,"minecraft:cobweb":21,"minecraft:oak_button":3,"minecraft:polished_blackstone":198,"minecraft:stone_bricks":2,"minecraft:gold_ore":28,"minecraft:oak_sapling":10,"minecraft:cobblestone_stairs":9,"minecraft:sculk_vein":1,"minecraft:brewing_stand":1,"minecraft:grass_block":1780,"minecraft:composter":2,"minecraft:iron_ore":594,"minecraft:turtle_egg":6,"minecraft:anvil":4,"minecraft:pointed_dripstone":1,"minecraft:azalea":1,"minecraft:end_stone_bricks":9,"minecraft:spruce_slab":3,"minecraft:deepslate_redstone_ore":53,"minecraft:quartz_block":127,"minecraft:blackstone":2202,"minecraft:purpur_stairs":1,"minecraft:jungle_stairs":2,"minecraft:poppy":1,"minecraft:chest":24,"minecraft:mushroom_stem":9,"minecraft:nether_quartz_ore":1048,"minecraft:cobblestone":237,"minecraft:grindstone":8,"minecraft:oak_planks":66,"minecraft:iron_door":4,"minecraft:wall_torch":10,"minecraft:pink_petals":2,"minecraft:seagrass":8,"minecraft:powered_rail":24,"minecraft:birch_log":38,"minecraft:birch_trapdoor":17,"minecraft:activator_rail":8,"minecraft:purpur_block":1,"minecraft:oak_log":602,"minecraft:sand":280,"minecraft:dirt":756,"minecraft:dispenser":7,"minecraft:netherrack":5386,"minecraft:ancient_debris":1,"minecraft:oak_leaves":442,"minecraft:nether_gold_ore":29,"minecraft:diamond_ore":1,"minecraft:crying_obsidian":1,"minecraft:tuff":36,"minecraft:deepslate_diamond_ore":362,"minecraft:oak_door":6,"minecraft:white_stained_glass":1,"minecraft:brown_mushroom_block":90,"minecraft:crimson_stem":20,"minecraft:hay_block":56,"minecraft:oak_trapdoor":1,"minecraft:furnace":4,"minecraft:carrots":17,"minecraft:gold_block":5,"minecraft:bookshelf":73,"minecraft:deepslate_iron_ore":141,"minecraft:lantern":8,"minecraft:stripped_oak_log":2,"minecraft:chorus_plant":1,"minecraft:stone":534,"minecraft:redstone_wall_torch":2,"minecraft:basalt":12,"minecraft:oak_fence":11,"minecraft:crafting_table":14,"minecraft:lectern":65,"minecraft:lapis_ore":10,"minecraft:birch_planks":31,"minecraft:end_stone_brick_stairs":15,"minecraft:polished_blackstone_slab":32,"minecraft:redstone_torch":4,"minecraft:yellow_bed":1,"minecraft:coal_ore":339,"minecraft:cherry_leaves":55,"minecraft:cracked_stone_bricks":5},"minecraft:killed_by":{"minecraft:zombie":1,"minecraft:creeper":1},"minecraft:crafted":{"minecraft:ender_chest":2,"minecraft:black_dye":1,"minecraft:smooth_stone":158,"minecraft:chainmail_helmet":10,"minecraft:oak_sign":3,"minecraft:blaze_powder":16,"minecraft:birch_slab":6,"minecraft:loom":1,"minecraft:polished_blackstone_slab":510,"minecraft:lever":3,"minecraft:diamond_shovel":3,"minecraft:bookshelf":101,"minecraft:cooked_mutton":54,"minecraft:shulker_box":6,"minecraft:iron_bars":16,"minecraft:glass":418,"minecraft:quartz_block":598,"minecraft:diamond_helmet":3,"minecraft:repeater":12,"minecraft:diamond_leggings":3,"minecraft:polished_blackstone":2220,"minecraft:glass_bottle":9,"minecraft:emerald":2672,"minecraft:cooked_porkchop":14,"minecraft:diamond_axe":3,"minecraft:smithing_table":2,"minecraft:fletching_table":1,"minecraft:end_stone_brick_stairs":124,"minecraft:lectern":13,"minecraft:cherry_sign":21,"minecraft:stone_slab":6,"minecraft:compass":7,"minecraft:iron_pickaxe":1,"minecraft:iron_block":12,"minecraft:gold_ingot":286,"minecraft:composter":2,"minecraft:golden_carrot":420,"minecraft:iron_nugget":47,"minecraft:experience_bottle":3,"minecraft:bone_meal":174,"minecraft:white_carpet":6,"minecraft:cherry_trapdoor":26,"minecraft:lantern":26,"minecraft:ladder":15,"minecraft:ender_pearl":11,"minecraft:stone_pickaxe":1,"minecraft:diamond_boots":4,"minecraft:quartz_slab":491,"minecraft:redstone_block":19,"minecraft:lead":10,"minecraft:wheat":504,"minecraft:enchanting_table":1,"minecraft:white_stained_glass":88,"minecraft:enchanted_book":56,"minecraft:oak_fence_gate":2,"minecraft:red_stained_glass":8,"minecraft:golden_apple":21,"minecraft:chainmail_boots":12,"minecraft:fermented_spider_eye":2,"minecraft:birch_trapdoor":18,"minecraft:writable_book":1,"minecraft:iron_shovel":2,"minecraft:iron_leggings":2,"minecraft:white_bed":1,"minecraft:grindstone":1,"minecraft:oak_planks":2212,"minecraft:barrel":1,"minecraft:cherry_slab":78,"minecraft:cooked_chicken":5,"minecraft:stone":34,"minecraft:cobblestone_stairs":4,"minecraft:suspicious_stew":7,"minecraft:hopper":14,"minecraft:bow":6,"minecraft:iron_boots":12,"minecraft:chest":46,"minecraft:oak_button":2,"minecraft:cod_bucket":1,"minecraft:rail":48,"minecraft:stone_hoe":10,"minecraft:ender_eye":14,"minecraft:cherry_fence":6,"minecraft:oak_fence":42,"minecraft:smoker":1,"minecraft:dropper":1,"minecraft:oak_slab":30,"minecraft:crafting_table":4,"minecraft:wooden_pickaxe":1,"minecraft:iron_helmet":2,"minecraft:chainmail_chestplate":8,"minecraft:birch_planks":152,"minecraft:brewing_stand":2,"minecraft:dispenser":2,"minecraft:tnt":16,"minecraft:apple":8,"minecraft:book":26,"minecraft:iron_chestplate":2,"minecraft:paper":2775,"minecraft:diamond_pickaxe":2,"minecraft:shield":2,"minecraft:stick":2732,"minecraft:iron_ingot":1181,"minecraft:redstone_torch":26,"minecraft:shears":2,"minecraft:cherry_planks":488,"minecraft:cobbled_deepslate_slab":288,"minecraft:redstone":16,"minecraft:tripwire_hook":2,"minecraft:furnace":4,"minecraft:blast_furnace":1,"minecraft:piston":17,"minecraft:mushroom_stew":8,"minecraft:oak_trapdoor":2,"minecraft:end_stone_bricks":188,"minecraft:flint_and_steel":1,"minecraft:iron_axe":7,"minecraft:minecart":3,"minecraft:cooked_beef":38,"minecraft:sugar":2,"minecraft:red_dye":1,"minecraft:crimson_planks":28,"minecraft:diamond_sword":3,"minecraft:powered_rail":6,"minecraft:iron_sword":1,"minecraft:bowl":4,"minecraft:bucket":3,"minecraft:stone_axe":11,"minecraft:air":0,"minecraft:bread":3,"minecraft:oak_boat":2,"minecraft:white_wool":2094,"minecraft:white_dye":13,"minecraft:cherry_door":3,"minecraft:stonecutter":1,"minecraft:anvil":4,"minecraft:pumpkin_pie":136,"minecraft:torch":24,"minecraft:diamond_chestplate":3,"minecraft:firework_rocket":483},"minecraft:used":{"minecraft:writable_book":10,"minecraft:dispenser":9,"minecraft:polished_blackstone":1026,"minecraft:elytra":90,"minecraft:ladder":6,"minecraft:chest":42,"minecraft:stone":9,"minecraft:soul_sand":36,"minecraft:polished_blackstone_slab":396,"minecraft:lava_bucket":75,"minecraft:grass_block":55,"minecraft:birch_sapling":7,"minecraft:quartz_block":363,"minecraft:bow":106,"minecraft:oak_sapling":87,"minecraft:furnace":6,"minecraft:egg":2,"minecraft:end_stone_brick_stairs":67,"minecraft:potato":9,"minecraft:short_grass":1,"minecraft:damaged_anvil":1,"minecraft:diorite":10,"minecraft:end_stone_bricks":2,"minecraft:powered_rail":29,"minecraft:wooden_pickaxe":27,"minecraft:composter":4,"minecraft:purpur_pillar":4,"minecraft:golden_apple":8,"minecraft:sand":6,"minecraft:blast_furnace":3,"minecraft:lectern":78,"minecraft:cherry_sign":22,"minecraft:diamond_sword":2843,"minecraft:fire_charge":1,"minecraft:smithing_table":11,"minecraft:white_stained_glass":1,"minecraft:oak_boat":22,"minecraft:oak_trapdoor":3,"minecraft:enchanting_table":1,"minecraft:netherrack":1605,"minecraft:torch":57,"minecraft:brewing_stand":3,"minecraft:anvil":8,"minecraft:cod_bucket":3,"minecraft:oak_fence_gate":5,"minecraft:iron_axe":433,"minecraft:barrel":11,"minecraft:diamond_chestplate":89,"minecraft:basalt":11,"minecraft:tripwire_hook":2,"minecraft:beef":1,"minecraft:cherry_fence":4,"minecraft:cobbled_deepslate":186,"minecraft:wheat_seeds":50,"minecraft:water_bucket":1521,"minecraft:birch_planks":31,"minecraft:cherry_planks":96,"minecraft:fletching_table":2,"minecraft:cracked_stone_bricks":4,"minecraft:mossy_cobblestone":2,"minecraft:rail":638,"minecraft:tnt":14,"minecraft:crafting_table":16,"minecraft:white_bed":13,"minecraft:oak_log":46,"minecraft:ender_eye":22,"minecraft:diamond_pickaxe":15080,"minecraft:diamond_shovel":2414,"minecraft:iron_pickaxe":248,"minecraft:oak_button":6,"minecraft:suspicious_stew":8,"minecraft:cobblestone":327,"minecraft:porkchop":4,"minecraft:cooked_porkchop":19,"minecraft:stripped_oak_log":1,"minecraft:diamond_leggings":3,"minecraft:cherry_sapling":9,"minecraft:iron_shovel":509,"minecraft:oak_sign":2,"minecraft:shield":128,"minecraft:white_terracotta":2,"minecraft:iron_sword":240,"minecraft:nether_wart":282,"minecraft:iron_chestplate":2,"minecraft:nether_bricks":256,"minecraft:carrot":53,"minecraft:tuff":6,"minecraft:obsidian":60,"minecraft:glass":249,"minecraft:coal_ore":18,"minecraft:quartz_slab":526,"minecraft:lantern":10,"minecraft:iron_helmet":2,"minecraft:birch_trapdoor":33,"minecraft:golden_boots":3,"minecraft:diamond_boots":1,"minecraft:dropper":1,"minecraft:stone_pickaxe":131,"minecraft:oak_planks":171,"minecraft:ender_pearl":79,"minecraft:sugar_cane":253,"minecraft:diamond_axe":1281,"minecraft:white_wool":2,"minecraft:loom":11,"minecraft:mushroom_stew":6,"minecraft:end_stone":132,"minecraft:shears":14,"minecraft:redstone_torch":7,"minecraft:lever":8,"minecraft:firework_rocket":415,"minecraft:bread":4,"minecraft:string":8,"minecraft:deepslate":5,"minecraft:gravel":18,"minecraft:chainmail_boots":1,"minecraft:grindstone":9,"minecraft:andesite":11,"minecraft:tropical_fish_bucket":7,"minecraft:bone_meal":149,"minecraft:experience_bottle":3,"minecraft:oak_fence":48,"minecraft:purpur_block":1,"minecraft:flint_and_steel":23,"minecraft:ender_chest":23,"minecraft:stone_hoe":148,"minecraft:cooked_chicken":5,"minecraft:oak_door":6,"minecraft:dirt":783,"minecraft:white_carpet":4,"minecraft:hopper":16,"minecraft:diamond_helmet":1,"minecraft:shulker_box":35,"minecraft:granite":11,"minecraft:stone_brick_slab":1,"minecraft:bookshelf":88,"minecraft:oak_stairs":1,"minecraft:cherry_trapdoor":24,"minecraft:iron_boots":6,"minecraft:golden_carrot":401,"minecraft:minecart":28,"minecraft:cooked_beef":39,"minecraft:iron_leggings":2,"minecraft:cooked_mutton":54,"minecraft:iron_ore":70,"minecraft:cobblestone_stairs":3,"minecraft:glass_bottle":5,"minecraft:brown_mushroom":5,"minecraft:stonecutter":2,"minecraft:smoker":4,"minecraft:piston":12,"minecraft:activator_rail":8,"minecraft:lapis_ore":1,"minecraft:stone_axe":78,"minecraft:cobbled_deepslate_slab":190,"minecraft:bucket":1610,"minecraft:yellow_bed":1,"minecraft:pumpkin_pie":136,"minecraft:smooth_stone":7,"minecraft:splash_potion":2},"minecraft:dropped":{"minecraft:crimson_stem":2,"minecraft:lapis_lazuli":40,"minecraft:crafting_table":1,"minecraft:saddle":1,"minecraft:rail":8,"minecraft:leather_helmet":1,"minecraft:dirt":42,"minecraft:gold_nugget":6,"minecraft:bone_meal":15,"minecraft:white_wool":1093,"minecraft:bone":4,"minecraft:stone_axe":53,"minecraft:iron_nugget":24,"minecraft:golden_chestplate":2,"minecraft:cobbled_deepslate":139,"minecraft:nether_brick":60,"minecraft:rotten_flesh":80,"minecraft:oak_planks":5,"minecraft:quartz_block":300,"minecraft:glass":294,"minecraft:beef":45,"minecraft:enchanted_book":3,"minecraft:wheat_seeds":4,"minecraft:oak_fence":1,"minecraft:cobblestone":62,"minecraft:iron_helmet":3,"minecraft:granite":24,"minecraft:chainmail_helmet":10,"minecraft:golden_carrot":4,"minecraft:potion":2,"minecraft:heart_of_the_sea":1,"minecraft:paper":1653,"minecraft:string":450,"minecraft:deepslate":3,"minecraft:iron_boots":14,"minecraft:nether_bricks":4,"minecraft:spider_eye":1,"minecraft:bow":1,"minecraft:quartz_slab":6,"minecraft:nether_brick_stairs":4,"minecraft:birch_planks":18,"minecraft:ender_pearl":7018,"minecraft:leather":14,"minecraft:iron_horse_armor":1,"minecraft:cod":1,"minecraft:mutton":8,"minecraft:crimson_roots":15,"minecraft:gold_ingot":117,"minecraft:gravel":50,"minecraft:crimson_fungus":2,"minecraft:blackstone":13,"minecraft:pointed_dripstone":1,"minecraft:carrot":4,"minecraft:chainmail_chestplate":8,"minecraft:birch_trapdoor":7,"minecraft:chainmail_boots":8,"minecraft:arrow":21,"minecraft:netherrack":4427,"minecraft:firework_rocket":1,"minecraft:stone_hoe":14,"minecraft:bread":2,"minecraft:golden_helmet":1,"minecraft:grass_block":64,"minecraft:stick":23,"minecraft:diorite":21,"minecraft:torch":15,"minecraft:iron_leggings":3,"minecraft:iron_axe":4,"minecraft:bucket":2,"minecraft:kelp":41,"minecraft:tuff":8,"minecraft:filled_map":2,"minecraft:shield":4,"minecraft:iron_chestplate":3,"minecraft:andesite":4,"minecraft:oak_boat":3,"minecraft:golden_sword":4,"minecraft:wooden_pickaxe":1},"minecraft:custom":{"minecraft:interact_with_crafting_table":233,"minecraft:open_barrel":222,"minecraft:bell_ring":93,"minecraft:leave_game":88,"minecraft:time_since_death":1007974,"minecraft:damage_blocked_by_shield":3704,"minecraft:play_time":2974303,"minecraft:deaths":8,"minecraft:jump":44353,"minecraft:enchant_item":6,"minecraft:interact_with_furnace":199,"minecraft:traded_with_villager":3254,"minecraft:sleep_in_bed":119,"minecraft:damage_dealt":251771,"minecraft:interact_with_smoker":36,"minecraft:inspect_dispenser":41,"minecraft:horse_one_cm":323438,"minecraft:interact_with_smithing_table":6,"minecraft:inspect_dropper":1,"minecraft:interact_with_anvil":72,"minecraft:inspect_hopper":227,"minecraft:sneak_time":292491,"minecraft:interact_with_blast_furnace":117,"minecraft:total_world_time":2974303,"minecraft:interact_with_stonecutter":5,"minecraft:time_since_rest":144388,"minecraft:swim_one_cm":289187,"minecraft:fly_one_cm":15482778,"minecraft:open_chest":2268,"minecraft:fall_one_cm":1115908,"minecraft:animals_bred":59,"minecraft:open_shulker_box":137,"minecraft:sprint_one_cm":9715199,"minecraft:drop":2760,"minecraft:talked_to_villager":1349,"minecraft:interact_with_brewingstand":12,"minecraft:walk_on_water_one_cm":786457,"minecraft:interact_with_loom":4,"minecraft:open_enderchest":108,"minecraft:player_kills":3,"minecraft:crouch_one_cm":927463,"minecraft:mob_kills":5843,"minecraft:climb_one_cm":8102,"minecraft:walk_one_cm":2965873,"minecraft:walk_under_water_one_cm":355498,"minecraft:boat_one_cm":190915,"minecraft:interact_with_grindstone":9,"minecraft:damage_taken":36907,"minecraft:damage_absorbed":300,"minecraft:aviate_one_cm":13526271}},"DataVersion":3700}