{"stats":{"minecraft:crafted":{"minecraft:black_dye":1,"minecraft:grindstone":1,"minecraft:smooth_stone":3,"minecraft:oak_planks":1952,"minecraft:chainmail_helmet":10,"minecraft:oak_sign":3,"minecraft:barrel":1,"minecraft:blaze_powder":16,"minecraft:cooked_chicken":5,"minecraft:birch_slab":6,"minecraft:loom":1,"minecraft:stone":6,"minecraft:diamond_shovel":1,"minecraft:lever":1,"minecraft:bookshelf":75,"minecraft:suspicious_stew":7,"minecraft:shulker_box":6,"minecraft:cooked_mutton":54,"minecraft:quartz_block":464,"minecraft:glass":322,"minecraft:hopper":12,"minecraft:diamond_helmet":2,"minecraft:diamond_leggings":2,"minecraft:bow":6,"minecraft:iron_boots":12,"minecraft:polished_blackstone":2220,"minecraft:chest":46,"minecraft:oak_button":2,"minecraft:cod_bucket":1,"minecraft:rail":48,"minecraft:stone_hoe":10,"minecraft:ender_eye":14,"minecraft:cherry_fence":6,"minecraft:oak_fence":42,"minecraft:smoker":1,"minecraft:glass_bottle":9,"minecraft:dropper":1,"minecraft:oak_slab":24,"minecraft:emerald":1603,"minecraft:cooked_porkchop":14,"minecraft:diamond_axe":1,"minecraft:crafting_table":4,"minecraft:wooden_pickaxe":1,"minecraft:iron_helmet":2,"minecraft:chainmail_chestplate":8,"minecraft:smithing_table":2,"minecraft:fletching_table":1,"minecraft:brewing_stand":2,"minecraft:birch_planks":152,"minecraft:dispenser":2,"minecraft:apple":8,"minecraft:lectern":5,"minecraft:iron_chestplate":2,"minecraft:book":17,"minecraft:paper":585,"minecraft:diamond_pickaxe":2,"minecraft:shield":2,"minecraft:stick":2732,"minecraft:stone_slab":6,"minecraft:compass":7,"minecraft:iron_ingot":995,"minecraft:iron_pickaxe":1,"minecraft:iron_block":3,"minecraft:gold_ingot":259,"minecraft:redstone_torch":3,"minecraft:composter":1,"minecraft:shears":1,"minecraft:golden_carrot":216,"minecraft:cherry_planks":324,"minecraft:cobbled_deepslate_slab":288,"minecraft:redstone":16,"minecraft:tripwire_hook":2,"minecraft:iron_nugget":47,"minecraft:experience_bottle":3,"minecraft:furnace":3,"minecraft:blast_furnace":1,"minecraft:mushroom_stew":8,"minecraft:bone_meal":171,"minecraft:oak_trapdoor":2,"minecraft:flint_and_steel":1,"minecraft:cherry_trapdoor":24,"minecraft:lantern":26,"minecraft:iron_axe":7,"minecraft:ender_pearl":11,"minecraft:stone_pickaxe":1,"minecraft:diamond_boots":2,"minecraft:lead":10,"minecraft:minecart":3,"minecraft:wheat":504,"minecraft:cooked_beef":38,"minecraft:sugar":2,"minecraft:crimson_planks":28,"minecraft:diamond_sword":1,"minecraft:enchanting_table":1,"minecraft:powered_rail":6,"minecraft:iron_sword":1,"minecraft:bowl":4,"minecraft:bucket":3,"minecraft:stone_axe":11,"minecraft:enchanted_book":30,"minecraft:air":0,"minecraft:bread":3,"minecraft:oak_fence_gate":2,"minecraft:oak_boat":2,"minecraft:white_wool":2090,"minecraft:golden_apple":15,"minecraft:fermented_spider_eye":2,"minecraft:chainmail_boots":12,"minecraft:birch_trapdoor":18,"minecraft:writable_book":1,"minecraft:iron_shovel":2,"minecraft:iron_leggings":2,"minecraft:anvil":1,"minecraft:white_bed":1,"minecraft:pumpkin_pie":136,"minecraft:torch":8,"minecraft:firework_rocket":162,"minecraft:diamond_chestplate":2,"minecraft:ender_chest":2},"minecraft:killed_by":{"minecraft:creeper":1,"minecraft:zombie":1},"minecraft:broken":{"minecraft:iron_shovel":2,"minecraft:diamond_helmet":1,"minecraft:iron_boots":1,"minecraft:stone_pickaxe":1,"minecraft:diamond_boots":1,"minecraft:diamond_pickaxe":1,"minecraft:stone_axe":1,"minecraft:iron_sword":1,"minecraft:diamond_leggings":1,"minecraft:shield":1,"minecraft:iron_axe":1,"minecraft:iron_pickaxe":1,"minecraft:iron_helmet":1},"minecraft:custom":{"minecraft:animals_bred":49,"minecraft:interact_with_crafting_table":174,"minecraft:open_barrel":121,"minecraft:open_shulker_box":32,"minecraft:bell_ring":93,"minecraft:leave_game":62,"minecraft:time_since_death":73441,"minecraft:sprint_one_cm":6472858,"minecraft:damage_blocked_by_shield":3704,"minecraft:drop":1660,"minecraft:talked_to_villager":1025,"minecraft:play_time":1830184,"minecraft:deaths":7,"minecraft:jump":31839,"minecraft:interact_with_brewingstand":12,"minecraft:walk_on_water_one_cm":415439,"minecraft:enchant_item":6,"minecraft:interact_with_furnace":164,"minecraft:traded_with_villager":2030,"minecraft:interact_with_loom":3,"minecraft:sleep_in_bed":100,"minecraft:open_enderchest":24,"minecraft:damage_dealt":118961,"minecraft:player_kills":2,"minecraft:crouch_one_cm":480992,"minecraft:interact_with_smithing_table":4,"minecraft:interact_with_smoker":30,"minecraft:inspect_dispenser":41,"minecraft:horse_one_cm":270091,"minecraft:inspect_dropper":1,"minecraft:interact_with_anvil":36,"minecraft:mob_kills":645,"minecraft:inspect_hopper":189,"minecraft:climb_one_cm":4431,"minecraft:walk_one_cm":1966438,"minecraft:sneak_time":166897,"minecraft:walk_under_water_one_cm":220435,"minecraft:boat_one_cm":190915,"minecraft:interact_with_blast_furnace":106,"minecraft:total_world_time":1830184,"minecraft:interact_with_grindstone":4,"minecraft:time_since_rest":7918,"minecraft:damage_taken":20553,"minecraft:damage_absorbed":20,"minecraft:swim_one_cm":214455,"minecraft:fly_one_cm":10054982,"minecraft:open_chest":1548,"minecraft:aviate_one_cm":2288769,"minecraft:fall_one_cm":874133},"minecraft:mined":{"minecraft:dragon_wall_head":1,"minecraft:oak_sapling":10,"minecraft:white_bed":17,"minecraft:cherry_log":82,"minecraft:sculk_vein":1,"minecraft:cobblestone_stairs":9,"minecraft:brewing_stand":1,"minecraft:obsidian":51,"minecraft:granite":21,"minecraft:grass_block":1212,"minecraft:composter":2,"minecraft:hopper":3,"minecraft:oxeye_daisy":2,"minecraft:oak_wall_sign":1,"minecraft:nether_wart":305,"minecraft:spawner":3,"minecraft:iron_ore":513,"minecraft:barrel":10,"minecraft:fire":47,"minecraft:cobbled_deepslate":138,"minecraft:anvil":1,"minecraft:deepslate_lapis_ore":21,"minecraft:fletching_table":1,"minecraft:nether_brick_stairs":4,"minecraft:pointed_dripstone":1,"minecraft:dirt_path":71,"minecraft:oak_stairs":3,"minecraft:azalea":1,"minecraft:end_stone_bricks":9,"minecraft:spruce_slab":3,"minecraft:tripwire":2,"minecraft:deepslate_redstone_ore":9,"minecraft:brown_mushroom":18,"minecraft:blackstone":2202,"minecraft:crimson_nylium":40,"minecraft:smoker":3,"minecraft:purpur_stairs":1,"minecraft:powder_snow":3,"minecraft:torch":6,"minecraft:jungle_stairs":2,"minecraft:blast_furnace":2,"minecraft:chest":14,"minecraft:mushroom_stem":9,"minecraft:glass":15,"minecraft:cobblestone":120,"minecraft:nether_quartz_ore":829,"minecraft:oak_planks":66,"minecraft:sugar_cane":1197,"minecraft:grindstone":8,"minecraft:iron_door":4,"minecraft:wall_torch":10,"minecraft:pink_petals":2,"minecraft:white_terracotta":2,"minecraft:powered_rail":24,"minecraft:birch_log":38,"minecraft:wheat":14,"minecraft:birch_trapdoor":17,"minecraft:activator_rail":8,"minecraft:purpur_block":1,"minecraft:oak_log":531,"minecraft:oak_fence_gate":3,"minecraft:loom":10,"minecraft:sand":11,"minecraft:dirt":352,"minecraft:dispenser":7,"minecraft:netherrack":2354,"minecraft:oak_leaves":397,"minecraft:deepslate":464,"minecraft:nether_gold_ore":24,"minecraft:diamond_ore":1,"minecraft:crying_obsidian":1,"minecraft:tuff":35,"minecraft:mossy_cobblestone":2,"minecraft:deepslate_diamond_ore":236,"minecraft:oak_door":6,"minecraft:cherry_sapling":2,"minecraft:end_stone":203,"minecraft:shulker_box":12,"minecraft:cobbled_deepslate_slab":8,"minecraft:nether_bricks":4,"minecraft:crimson_roots":5,"minecraft:brown_mushroom_block":90,"minecraft:red_mushroom":13,"minecraft:crimson_stem":8,"minecraft:hay_block":56,"minecraft:oak_trapdoor":1,"minecraft:redstone_ore":7,"minecraft:furnace":4,"minecraft:carrots":17,"minecraft:andesite":17,"minecraft:gold_block":4,"minecraft:bookshelf":55,"minecraft:potatoes":5,"minecraft:deepslate_iron_ore":137,"minecraft:rail":631,"minecraft:lantern":8,"minecraft:stripped_oak_log":2,"minecraft:chorus_plant":1,"minecraft:stone":229,"minecraft:white_wool":2,"minecraft:ender_chest":5,"minecraft:redstone_wall_torch":2,"minecraft:smithing_table":9,"minecraft:cherry_planks":8,"minecraft:soul_sand":76,"minecraft:basalt":12,"minecraft:dandelion":2,"minecraft:oak_fence":10,"minecraft:crafting_table":12,"minecraft:short_grass":215,"minecraft:dropper":1,"minecraft:lectern":60,"minecraft:tall_grass":35,"minecraft:purpur_pillar":7,"minecraft:lapis_ore":10,"minecraft:deepslate_gold_ore":134,"minecraft:diorite":22,"minecraft:birch_planks":31,"minecraft:redstone_torch":4,"minecraft:birch_leaves":11,"minecraft:yellow_bed":1,"minecraft:coal_ore":304,"minecraft:cherry_leaves":49,"minecraft:gravel":26,"minecraft:dripstone_block":1,"minecraft:cobweb":12,"minecraft:cracked_stone_bricks":5,"minecraft:oak_button":3,"minecraft:polished_blackstone":27,"minecraft:stone_bricks":2,"minecraft:gold_ore":25},"minecraft:killed":{"minecraft:cave_spider":4,"minecraft:witch":3,"minecraft:spider":39,"minecraft:cod":1,"minecraft:shulker":36,"minecraft:skeleton":104,"minecraft:chicken":5,"minecraft:silverfish":5,"minecraft:piglin":23,"minecraft:pig":8,"minecraft:zombie_villager":2,"minecraft:ender_dragon":1,"minecraft:creeper":33,"minecraft:sheep":39,"minecraft:zombie":191,"minecraft:glow_squid":2,"minecraft:blaze":24,"minecraft:cow":31,"minecraft:slime":13,"minecraft:bat":1,"minecraft:hoglin":1,"minecraft:squid":3,"minecraft:wither_skeleton":7,"minecraft:player":2,"minecraft:enderman":47},"minecraft:dropped":{"minecraft:nether_brick_stairs":4,"minecraft:crimson_stem":2,"minecraft:lapis_lazuli":40,"minecraft:birch_planks":18,"minecraft:crafting_table":1,"minecraft:leather":14,"minecraft:iron_horse_armor":1,"minecraft:saddle":1,"minecraft:rail":8,"minecraft:cod":1,"minecraft:dirt":42,"minecraft:mutton":8,"minecraft:crimson_roots":15,"minecraft:gold_nugget":6,"minecraft:bone_meal":15,"minecraft:white_wool":1093,"minecraft:gold_ingot":117,"minecraft:bone":4,"minecraft:gravel":50,"minecraft:crimson_fungus":2,"minecraft:stone_axe":53,"minecraft:blackstone":13,"minecraft:iron_nugget":24,"minecraft:cobbled_deepslate":139,"minecraft:nether_brick":60,"minecraft:pointed_dripstone":1,"minecraft:rotten_flesh":47,"minecraft:oak_planks":5,"minecraft:carrot":4,"minecraft:chainmail_chestplate":8,"minecraft:birch_trapdoor":7,"minecraft:quartz_block":300,"minecraft:chainmail_boots":8,"minecraft:glass":294,"minecraft:beef":45,"minecraft:netherrack":2768,"minecraft:stone_hoe":14,"minecraft:enchanted_book":3,"minecraft:bread":2,"minecraft:wheat_seeds":4,"minecraft:oak_fence":1,"minecraft:iron_helmet":3,"minecraft:cobblestone":62,"minecraft:granite":24,"minecraft:chainmail_helmet":10,"minecraft:grass_block":64,"minecraft:stick":23,"minecraft:diorite":15,"minecraft:golden_carrot":4,"minecraft:torch":15,"minecraft:potion":2,"minecraft:iron_leggings":3,"minecraft:heart_of_the_sea":1,"minecraft:iron_axe":4,"minecraft:string":200,"minecraft:bucket":2,"minecraft:kelp":41,"minecraft:tuff":8,"minecraft:iron_boots":14,"minecraft:nether_bricks":4,"minecraft:filled_map":2,"minecraft:shield":4,"minecraft:iron_chestplate":3,"minecraft:andesite":4,"minecraft:oak_boat":3,"minecraft:golden_sword":2,"minecraft:spider_eye":1,"minecraft:wooden_pickaxe":1},"minecraft:picked_up":{"minecraft:shulker_shell":42,"minecraft:iron_chestplate":4,"minecraft:wheat":14,"minecraft:chainmail_boots":8,"minecraft:ender_chest":5,"minecraft:anvil":1,"minecraft:smithing_table":9,"minecraft:lead":24,"minecraft:diamond_sword":6,"minecraft:oak_stairs":3,"minecraft:enchanted_book":10,"minecraft:potion":3,"minecraft:nether_brick":60,"minecraft:brewing_stand":1,"minecraft:golden_sword":2,"minecraft:string":12864,"minecraft:iron_leggings":3,"minecraft:oak_sign":1,"minecraft:activator_rail":26,"minecraft:diamond_leggings":4,"minecraft:gold_nugget":147,"minecraft:cobbled_deepslate":768,"minecraft:bucket":3,"minecraft:redstone_torch":7,"minecraft:ender_eye":11,"minecraft:azalea":1,"minecraft:iron_pickaxe":1,"minecraft:iron_boots":16,"minecraft:furnace":4,"minecraft:stick":178,"minecraft:composter":2,"minecraft:birch_trapdoor":31,"minecraft:oak_fence":10,"minecraft:torch":124,"minecraft:purpur_pillar":12,"minecraft:porkchop":18,"minecraft:cherry_log":81,"minecraft:pointed_dripstone":1,"minecraft:diorite":43,"minecraft:quartz_block":300,"minecraft:rotten_flesh":190,"minecraft:tropical_fish":3,"minecraft:white_terracotta":2,"minecraft:blaze_rod":12,"minecraft:obsidian":71,"minecraft:cod":2,"minecraft:cobblestone":436,"minecraft:birch_log":38,"minecraft:pink_petals":12,"minecraft:feather":2,"minecraft:water_bucket":7,"minecraft:cherry_planks":8,"minecraft:iron_door":3,"minecraft:andesite":28,"minecraft:golden_leggings":1,"minecraft:smoker":3,"minecraft:potato":15,"minecraft:flint":7,"minecraft:tuff":17,"minecraft:lapis_lazuli":514,"minecraft:dirt":1109,"minecraft:lantern":32,"minecraft:name_tag":9,"minecraft:glass":420,"minecraft:bone":194,"minecraft:bow":11,"minecraft:wheat_seeds":151,"minecraft:raw_gold":612,"minecraft:cobbled_deepslate_slab":8,"minecraft:grindstone":8,"minecraft:diamond_helmet":3,"minecraft:fletching_table":1,"minecraft:glowstone_dust":1,"minecraft:powered_rail":37,"minecraft:moss_block":1,"minecraft:oak_planks":254,"minecraft:stone_hoe":6,"minecraft:music_disc_13":1,"minecraft:dropper":1,"minecraft:sand":11,"minecraft:nether_brick_stairs":4,"minecraft:ink_sac":16,"minecraft:grass_block":1171,"minecraft:loom":10,"minecraft:spectral_arrow":77,"minecraft:barrel":10,"minecraft:shulker_box":12,"minecraft:mossy_cobblestone":2,"minecraft:dispenser":7,"minecraft:diamond":1200,"minecraft:granite":45,"minecraft:bone_meal":47,"minecraft:golden_apple":19,"minecraft:chainmail_helmet":10,"minecraft:emerald":308,"minecraft:bread":2,"minecraft:oak_sapling":229,"minecraft:netherrack":4156,"minecraft:chorus_fruit":30,"minecraft:crimson_roots":16,"minecraft:diamond_pickaxe":9,"minecraft:end_stone_bricks":11,"minecraft:crafting_table":13,"minecraft:splash_potion":7,"minecraft:chicken":5,"minecraft:nether_wart":1007,"minecraft:brown_mushroom":73,"minecraft:gold_block":4,"minecraft:dragon_head":3,"minecraft:purpur_block":1,"minecraft:shield":7,"minecraft:cornflower":1,"minecraft:oak_trapdoor":1,"minecraft:elytra":3,"minecraft:iron_axe":5,"minecraft:flint_and_steel":1,"minecraft:iron_shovel":2,"minecraft:blackstone":2236,"minecraft:cracked_stone_bricks":5,"minecraft:detector_rail":3,"minecraft:beef":122,"minecraft:oak_boat":24,"minecraft:light_gray_wool":59,"minecraft:iron_nugget":56,"minecraft:poppy":1,"minecraft:spruce_slab":2,"minecraft:lectern":60,"minecraft:minecart":57,"minecraft:sugar_cane":2052,"minecraft:chest":16,"minecraft:birch_sapling":10,"minecraft:egg":6,"minecraft:raw_iron":1558,"minecraft:end_stone":311,"minecraft:stone":13,"minecraft:oak_door":6,"minecraft:fire_charge":9,"minecraft:carrot":63,"minecraft:redstone":94,"minecraft:iron_horse_armor":2,"minecraft:tnt":4,"minecraft:arrow":202,"minecraft:diamond_chestplate":7,"minecraft:beetroot_seeds":5,"minecraft:pumpkin_pie":23,"minecraft:jungle_stairs":2,"minecraft:nether_bricks":4,"minecraft:diamond_boots":5,"minecraft:hay_block":56,"minecraft:saddle":4,"minecraft:gold_ingot":73,"minecraft:polished_blackstone":91,"minecraft:glow_berries":6,"minecraft:mutton":70,"minecraft:white_wool":1429,"minecraft:rail":773,"minecraft:oxeye_daisy":4,"minecraft:lapis_ore":1,"minecraft:stripped_oak_log":2,"minecraft:basalt":12,"minecraft:crimson_stem":9,"minecraft:golden_carrot":64,"minecraft:glow_ink_sac":42,"minecraft:leather":60,"minecraft:red_mushroom":13,"minecraft:birch_planks":49,"minecraft:filled_map":1,"minecraft:crimson_fungus":2,"minecraft:oak_log":535,"minecraft:chainmail_chestplate":8,"minecraft:yellow_bed":1,"minecraft:gunpowder":36,"minecraft:cobblestone_stairs":9,"minecraft:cooked_mutton":29,"minecraft:apple":22,"minecraft:stone_bricks":2,"minecraft:kelp":41,"minecraft:heart_of_the_sea":1,"minecraft:iron_ingot":30,"minecraft:oak_fence_gate":3,"minecraft:iron_ore":70,"minecraft:glass_bottle":2,"minecraft:iron_sword":1,"minecraft:soul_sand":95,"minecraft:book":166,"minecraft:quartz":1924,"minecraft:dandelion":17,"minecraft:gravel":68,"minecraft:lava_bucket":1,"minecraft:blast_furnace":2,"minecraft:white_bed":17,"minecraft:crying_obsidian":14,"minecraft:spider_eye":9,"minecraft:firework_rocket":178,"minecraft:diamond_shovel":2,"minecraft:coal_ore":18,"minecraft:slime_ball":5,"minecraft:stone_axe":53,"minecraft:short_grass":1,"minecraft:iron_helmet":5,"minecraft:diamond_axe":6,"minecraft:cherry_sapling":81,"minecraft:gray_wool":33,"minecraft:oak_button":4,"minecraft:coal":589,"minecraft:hopper":2,"minecraft:ender_pearl":41},"minecraft:used":{"minecraft:writable_book":2,"minecraft:cherry_sapling":6,"minecraft:iron_shovel":509,"minecraft:oak_sign":2,"minecraft:polished_blackstone":153,"minecraft:dispenser":9,"minecraft:elytra":32,"minecraft:shield":128,"minecraft:chest":30,"minecraft:white_terracotta":2,"minecraft:iron_sword":240,"minecraft:stone":6,"minecraft:nether_wart":282,"minecraft:iron_chestplate":2,"minecraft:soul_sand":36,"minecraft:carrot":52,"minecraft:tuff":6,"minecraft:obsidian":44,"minecraft:glass":17,"minecraft:lava_bucket":6,"minecraft:grass_block":38,"minecraft:coal_ore":18,"minecraft:birch_sapling":7,"minecraft:lantern":10,"minecraft:iron_helmet":2,"minecraft:birch_trapdoor":18,"minecraft:bow":106,"minecraft:oak_sapling":87,"minecraft:furnace":5,"minecraft:egg":2,"minecraft:potato":9,"minecraft:diorite":7,"minecraft:end_stone_bricks":2,"minecraft:golden_boots":3,"minecraft:short_grass":1,"minecraft:dropper":1,"minecraft:oak_planks":171,"minecraft:stone_pickaxe":131,"minecraft:powered_rail":29,"minecraft:ender_pearl":19,"minecraft:wooden_pickaxe":27,"minecraft:composter":3,"minecraft:sugar_cane":253,"minecraft:diamond_axe":1051,"minecraft:golden_apple":1,"minecraft:white_wool":2,"minecraft:blast_furnace":3,"minecraft:loom":11,"minecraft:mushroom_stew":6,"minecraft:end_stone":63,"minecraft:shears":5,"minecraft:redstone_torch":7,"minecraft:lever":1,"minecraft:firework_rocket":38,"minecraft:string":8,"minecraft:bread":3,"minecraft:lectern":65,"minecraft:gravel":18,"minecraft:diamond_sword":919,"minecraft:fire_charge":1,"minecraft:chainmail_boots":1,"minecraft:grindstone":9,"minecraft:andesite":11,"minecraft:smithing_table":11,"minecraft:oak_fence":48,"minecraft:purpur_block":1,"minecraft:tropical_fish_bucket":7,"minecraft:oak_boat":21,"minecraft:bone_meal":149,"minecraft:experience_bottle":3,"minecraft:oak_trapdoor":3,"minecraft:enchanting_table":1,"minecraft:flint_and_steel":22,"minecraft:ender_chest":4,"minecraft:stone_hoe":147,"minecraft:cooked_chicken":5,"minecraft:netherrack":451,"minecraft:oak_door":6,"minecraft:torch":27,"minecraft:brewing_stand":3,"minecraft:dirt":727,"minecraft:anvil":2,"minecraft:hopper":11,"minecraft:cod_bucket":3,"minecraft:shulker_box":12,"minecraft:granite":10,"minecraft:oak_fence_gate":5,"minecraft:bookshelf":70,"minecraft:iron_axe":433,"minecraft:oak_stairs":1,"minecraft:cherry_trapdoor":24,"minecraft:iron_boots":6,"minecraft:barrel":11,"minecraft:diamond_chestplate":31,"minecraft:tripwire_hook":2,"minecraft:basalt":11,"minecraft:golden_carrot":174,"minecraft:beef":1,"minecraft:minecart":27,"minecraft:cooked_beef":39,"minecraft:cobbled_deepslate":183,"minecraft:iron_leggings":2,"minecraft:wheat_seeds":50,"minecraft:cooked_mutton":54,"minecraft:water_bucket":1039,"minecraft:iron_ore":70,"minecraft:cobblestone_stairs":3,"minecraft:birch_planks":31,"minecraft:glass_bottle":5,"minecraft:brown_mushroom":5,"minecraft:cherry_planks":96,"minecraft:fletching_table":2,"minecraft:cracked_stone_bricks":4,"minecraft:mossy_cobblestone":2,"minecraft:rail":635,"minecraft:crafting_table":14,"minecraft:white_bed":13,"minecraft:smoker":4,"minecraft:oak_log":40,"minecraft:activator_rail":8,"minecraft:ender_eye":22,"minecraft:diamond_pickaxe":8792,"minecraft:diamond_shovel":1159,"minecraft:iron_pickaxe":248,"minecraft:oak_button":6,"minecraft:suspicious_stew":8,"minecraft:lapis_ore":1,"minecraft:stone_axe":78,"minecraft:cobblestone":231,"minecraft:cobbled_deepslate_slab":190,"minecraft:porkchop":4,"minecraft:cooked_porkchop":14,"minecraft:bucket":1057,"minecraft:pumpkin_pie":136,"minecraft:stripped_oak_log":1,"minecraft:diamond_leggings":2,"minecraft:splash_potion":2}},"DataVersion":3700}