{"stats":{"minecraft:used":{"minecraft:writable_book":10,"minecraft:dispenser":9,"minecraft:polished_blackstone":1026,"minecraft:elytra":61,"minecraft:chest":42,"minecraft:stone":8,"minecraft:soul_sand":36,"minecraft:polished_blackstone_slab":396,"minecraft:lava_bucket":65,"minecraft:grass_block":41,"minecraft:birch_sapling":7,"minecraft:quartz_block":363,"minecraft:bow":106,"minecraft:furnace":5,"minecraft:oak_sapling":87,"minecraft:egg":2,"minecraft:end_stone_brick_stairs":67,"minecraft:potato":9,"minecraft:short_grass":1,"minecraft:damaged_anvil":1,"minecraft:diorite":10,"minecraft:end_stone_bricks":2,"minecraft:powered_rail":29,"minecraft:wooden_pickaxe":27,"minecraft:composter":4,"minecraft:purpur_pillar":4,"minecraft:golden_apple":8,"minecraft:blast_furnace":3,"minecraft:lectern":78,"minecraft:cherry_sign":22,"minecraft:diamond_sword":2442,"minecraft:fire_charge":1,"minecraft:smithing_table":11,"minecraft:oak_boat":22,"minecraft:oak_trapdoor":3,"minecraft:enchanting_table":1,"minecraft:netherrack":980,"minecraft:torch":57,"minecraft:brewing_stand":3,"minecraft:anvil":8,"minecraft:cod_bucket":3,"minecraft:oak_fence_gate":5,"minecraft:iron_axe":433,"minecraft:barrel":11,"minecraft:diamond_chestplate":60,"minecraft:basalt":11,"minecraft:tripwire_hook":2,"minecraft:beef":1,"minecraft:cherry_fence":4,"minecraft:cobbled_deepslate":183,"minecraft:wheat_seeds":50,"minecraft:water_bucket":1423,"minecraft:birch_planks":31,"minecraft:cherry_planks":96,"minecraft:fletching_table":2,"minecraft:cracked_stone_bricks":4,"minecraft:mossy_cobblestone":2,"minecraft:rail":638,"minecraft:crafting_table":16,"minecraft:white_bed":13,"minecraft:oak_log":46,"minecraft:ender_eye":22,"minecraft:diamond_pickaxe":12359,"minecraft:diamond_shovel":2109,"minecraft:iron_pickaxe":248,"minecraft:oak_button":6,"minecraft:suspicious_stew":8,"minecraft:cobblestone":245,"minecraft:porkchop":4,"minecraft:cooked_porkchop":19,"minecraft:stripped_oak_log":1,"minecraft:diamond_leggings":3,"minecraft:cherry_sapling":8,"minecraft:iron_shovel":509,"minecraft:oak_sign":2,"minecraft:shield":128,"minecraft:white_terracotta":2,"minecraft:iron_sword":240,"minecraft:nether_wart":282,"minecraft:iron_chestplate":2,"minecraft:carrot":53,"minecraft:tuff":6,"minecraft:obsidian":44,"minecraft:glass":249,"minecraft:coal_ore":18,"minecraft:quartz_slab":526,"minecraft:lantern":10,"minecraft:iron_helmet":2,"minecraft:birch_trapdoor":26,"minecraft:golden_boots":3,"minecraft:diamond_boots":1,"minecraft:dropper":1,"minecraft:stone_pickaxe":131,"minecraft:oak_planks":171,"minecraft:ender_pearl":77,"minecraft:sugar_cane":253,"minecraft:diamond_axe":1250,"minecraft:white_wool":2,"minecraft:loom":11,"minecraft:mushroom_stew":6,"minecraft:end_stone":132,"minecraft:shears":5,"minecraft:redstone_torch":7,"minecraft:lever":1,"minecraft:firework_rocket":278,"minecraft:bread":4,"minecraft:string":8,"minecraft:gravel":18,"minecraft:chainmail_boots":1,"minecraft:grindstone":9,"minecraft:andesite":11,"minecraft:tropical_fish_bucket":7,"minecraft:bone_meal":149,"minecraft:experience_bottle":3,"minecraft:oak_fence":48,"minecraft:purpur_block":1,"minecraft:flint_and_steel":22,"minecraft:ender_chest":17,"minecraft:stone_hoe":148,"minecraft:cooked_chicken":5,"minecraft:oak_door":6,"minecraft:dirt":763,"minecraft:white_carpet":4,"minecraft:hopper":16,"minecraft:diamond_helmet":1,"minecraft:shulker_box":24,"minecraft:granite":10,"minecraft:bookshelf":88,"minecraft:oak_stairs":1,"minecraft:cherry_trapdoor":24,"minecraft:iron_boots":6,"minecraft:golden_carrot":320,"minecraft:minecart":28,"minecraft:cooked_beef":39,"minecraft:iron_leggings":2,"minecraft:cooked_mutton":54,"minecraft:iron_ore":70,"minecraft:cobblestone_stairs":3,"minecraft:glass_bottle":5,"minecraft:brown_mushroom":5,"minecraft:smoker":4,"minecraft:activator_rail":8,"minecraft:lapis_ore":1,"minecraft:stone_axe":78,"minecraft:cobbled_deepslate_slab":190,"minecraft:bucket":1502,"minecraft:yellow_bed":1,"minecraft:pumpkin_pie":136,"minecraft:splash_potion":2},"minecraft:custom":{"minecraft:interact_with_crafting_table":205,"minecraft:open_barrel":205,"minecraft:bell_ring":93,"minecraft:leave_game":81,"minecraft:time_since_death":621064,"minecraft:damage_blocked_by_shield":3704,"minecraft:play_time":2587393,"minecraft:deaths":8,"minecraft:jump":39813,"minecraft:enchant_item":6,"minecraft:interact_with_furnace":178,"minecraft:traded_with_villager":3042,"minecraft:sleep_in_bed":118,"minecraft:damage_dealt":214052,"minecraft:interact_with_smoker":33,"minecraft:inspect_dispenser":41,"minecraft:horse_one_cm":270091,"minecraft:interact_with_smithing_table":6,"minecraft:inspect_dropper":1,"minecraft:interact_with_anvil":71,"minecraft:inspect_hopper":223,"minecraft:sneak_time":263412,"minecraft:interact_with_blast_furnace":117,"minecraft:total_world_time":2587393,"minecraft:time_since_rest":146623,"minecraft:swim_one_cm":243344,"minecraft:fly_one_cm":14681209,"minecraft:open_chest":2043,"minecraft:fall_one_cm":1010629,"minecraft:animals_bred":56,"minecraft:open_shulker_box":114,"minecraft:sprint_one_cm":8738603,"minecraft:drop":2737,"minecraft:talked_to_villager":1319,"minecraft:interact_with_brewingstand":12,"minecraft:walk_on_water_one_cm":709492,"minecraft:interact_with_loom":4,"minecraft:open_enderchest":85,"minecraft:player_kills":3,"minecraft:crouch_one_cm":827626,"minecraft:mob_kills":5630,"minecraft:climb_one_cm":6291,"minecraft:walk_one_cm":2644303,"minecraft:walk_under_water_one_cm":249718,"minecraft:boat_one_cm":190915,"minecraft:interact_with_grindstone":9,"minecraft:damage_taken":31230,"minecraft:damage_absorbed":300,"minecraft:aviate_one_cm":9155973},"minecraft:broken":{"minecraft:diamond_helmet":1,"minecraft:iron_boots":1,"minecraft:diamond_pickaxe":1,"minecraft:iron_sword":1,"minecraft:diamond_leggings":1,"minecraft:shield":1,"minecraft:iron_axe":1,"minecraft:iron_pickaxe":1,"minecraft:iron_helmet":1,"minecraft:iron_shovel":2,"minecraft:stone_pickaxe":1,"minecraft:diamond_boots":1,"minecraft:stone_axe":1,"minecraft:diamond_sword":1,"minecraft:diamond_axe":1},"minecraft:killed_by":{"minecraft:zombie":1,"minecraft:creeper":1},"minecraft:mined":{"minecraft:dragon_wall_head":1,"minecraft:white_bed":17,"minecraft:cherry_log":103,"minecraft:obsidian":51,"minecraft:granite":21,"minecraft:hopper":4,"minecraft:nether_wart":305,"minecraft:oak_wall_sign":1,"minecraft:oxeye_daisy":2,"minecraft:spawner":3,"minecraft:cobbled_deepslate":138,"minecraft:fire":48,"minecraft:barrel":10,"minecraft:fletching_table":1,"minecraft:deepslate_lapis_ore":21,"minecraft:nether_brick_stairs":4,"minecraft:dirt_path":71,"minecraft:oak_stairs":3,"minecraft:quartz_slab":110,"minecraft:tripwire":2,"minecraft:brown_mushroom":19,"minecraft:smoker":3,"minecraft:crimson_nylium":42,"minecraft:powder_snow":3,"minecraft:torch":31,"minecraft:blast_furnace":2,"minecraft:glass":85,"minecraft:sugar_cane":2100,"minecraft:damaged_anvil":1,"minecraft:white_terracotta":2,"minecraft:wheat":14,"minecraft:oak_fence_gate":3,"minecraft:loom":10,"minecraft:deepslate":464,"minecraft:mossy_cobblestone":2,"minecraft:cherry_sapling":2,"minecraft:shulker_box":24,"minecraft:end_stone":474,"minecraft:nether_bricks":322,"minecraft:cobbled_deepslate_slab":8,"minecraft:crimson_roots":5,"minecraft:red_mushroom":13,"minecraft:cherry_wall_sign":1,"minecraft:redstone_ore":7,"minecraft:andesite":17,"minecraft:potatoes":5,"minecraft:rail":632,"minecraft:white_wool":2,"minecraft:ender_chest":19,"minecraft:smithing_table":9,"minecraft:cherry_planks":8,"minecraft:soul_sand":76,"minecraft:dandelion":2,"minecraft:cornflower":1,"minecraft:short_grass":257,"minecraft:dropper":1,"minecraft:purpur_pillar":11,"minecraft:tall_grass":46,"minecraft:deepslate_gold_ore":134,"minecraft:diorite":25,"minecraft:birch_leaves":11,"minecraft:gravel":26,"minecraft:dripstone_block":1,"minecraft:cobweb":12,"minecraft:oak_button":3,"minecraft:polished_blackstone":198,"minecraft:stone_bricks":2,"minecraft:gold_ore":28,"minecraft:oak_sapling":10,"minecraft:cobblestone_stairs":9,"minecraft:sculk_vein":1,"minecraft:brewing_stand":1,"minecraft:grass_block":1764,"minecraft:composter":2,"minecraft:iron_ore":594,"minecraft:anvil":4,"minecraft:pointed_dripstone":1,"minecraft:azalea":1,"minecraft:end_stone_bricks":9,"minecraft:spruce_slab":3,"minecraft:deepslate_redstone_ore":9,"minecraft:quartz_block":127,"minecraft:blackstone":2202,"minecraft:purpur_stairs":1,"minecraft:jungle_stairs":2,"minecraft:chest":24,"minecraft:mushroom_stem":9,"minecraft:nether_quartz_ore":936,"minecraft:cobblestone":155,"minecraft:grindstone":8,"minecraft:oak_planks":66,"minecraft:iron_door":4,"minecraft:wall_torch":10,"minecraft:pink_petals":2,"minecraft:powered_rail":24,"minecraft:birch_log":38,"minecraft:birch_trapdoor":17,"minecraft:activator_rail":8,"minecraft:purpur_block":1,"minecraft:oak_log":602,"minecraft:sand":11,"minecraft:dirt":735,"minecraft:dispenser":7,"minecraft:netherrack":4472,"minecraft:oak_leaves":442,"minecraft:nether_gold_ore":24,"minecraft:diamond_ore":1,"minecraft:crying_obsidian":1,"minecraft:tuff":35,"minecraft:deepslate_diamond_ore":236,"minecraft:oak_door":6,"minecraft:brown_mushroom_block":90,"minecraft:crimson_stem":20,"minecraft:hay_block":56,"minecraft:oak_trapdoor":1,"minecraft:furnace":4,"minecraft:carrots":17,"minecraft:gold_block":4,"minecraft:bookshelf":73,"minecraft:deepslate_iron_ore":141,"minecraft:lantern":8,"minecraft:stripped_oak_log":2,"minecraft:chorus_plant":1,"minecraft:stone":258,"minecraft:redstone_wall_torch":2,"minecraft:basalt":12,"minecraft:oak_fence":10,"minecraft:crafting_table":14,"minecraft:lectern":65,"minecraft:lapis_ore":10,"minecraft:birch_planks":31,"minecraft:end_stone_brick_stairs":15,"minecraft:polished_blackstone_slab":32,"minecraft:redstone_torch":4,"minecraft:yellow_bed":1,"minecraft:coal_ore":339,"minecraft:cherry_leaves":51,"minecraft:cracked_stone_bricks":5},"minecraft:killed":{"minecraft:cave_spider":4,"minecraft:cod":1,"minecraft:shulker":82,"minecraft:skeleton":135,"minecraft:chicken":5,"minecraft:ender_dragon":1,"minecraft:zombie":233,"minecraft:glow_squid":2,"minecraft:cow":31,"minecraft:enderman":4839,"minecraft:witch":3,"minecraft:spider":50,"minecraft:silverfish":5,"minecraft:piglin_brute":1,"minecraft:piglin":35,"minecraft:pig":8,"minecraft:zombie_villager":2,"minecraft:creeper":63,"minecraft:sheep":39,"minecraft:blaze":24,"minecraft:slime":20,"minecraft:drowned":1,"minecraft:bat":1,"minecraft:hoglin":5,"minecraft:squid":4,"minecraft:wither_skeleton":7,"minecraft:player":3},"minecraft:picked_up":{"minecraft:iron_chestplate":4,"minecraft:chainmail_boots":9,"minecraft:anvil":4,"minecraft:diamond_sword":7,"minecraft:lead":24,"minecraft:smithing_table":9,"minecraft:oak_stairs":3,"minecraft:enchanted_book":10,"minecraft:brewing_stand":1,"minecraft:golden_sword":3,"minecraft:string":13138,"minecraft:diamond_leggings":5,"minecraft:gold_nugget":147,"minecraft:cobbled_deepslate":768,"minecraft:golden_helmet":1,"minecraft:composter":2,"minecraft:purpur_pillar":16,"minecraft:cherry_log":102,"minecraft:tropical_fish":3,"minecraft:white_terracotta":2,"minecraft:blaze_rod":12,"minecraft:birch_log":38,"minecraft:feather":2,"minecraft:iron_door":3,"minecraft:water_bucket":10,"minecraft:smoker":3,"minecraft:flint":7,"minecraft:cherry_fence":6,"minecraft:lantern":32,"minecraft:diamond_helmet":4,"minecraft:glowstone_dust":1,"minecraft:moss_block":1,"minecraft:dropper":1,"minecraft:ink_sac":18,"minecraft:loom":10,"minecraft:barrel":10,"minecraft:dispenser":7,"minecraft:granite":45,"minecraft:chainmail_helmet":10,"minecraft:bread":2,"minecraft:crimson_roots":16,"minecraft:diamond_pickaxe":11,"minecraft:crafting_table":15,"minecraft:nether_wart":1007,"minecraft:leather_leggings":1,"minecraft:dragon_head":3,"minecraft:purpur_block":1,"minecraft:cornflower":2,"minecraft:elytra":6,"minecraft:flint_and_steel":1,"minecraft:iron_shovel":2,"minecraft:cracked_stone_bricks":5,"minecraft:beef":122,"minecraft:poppy":1,"minecraft:iron_nugget":56,"minecraft:minecart":58,"minecraft:spruce_slab":2,"minecraft:chest":26,"minecraft:birch_sapling":10,"minecraft:egg":9,"minecraft:stone":15,"minecraft:oak_door":6,"minecraft:fire_charge":9,"minecraft:carrot":65,"minecraft:redstone":94,"minecraft:tnt":4,"minecraft:diamond_chestplate":8,"minecraft:beetroot_seeds":5,"minecraft:diamond_boots":5,"minecraft:hay_block":56,"minecraft:gold_ingot":73,"minecraft:polished_blackstone":307,"minecraft:glow_berries":6,"minecraft:mutton":70,"minecraft:rail":775,"minecraft:white_wool":1429,"minecraft:oxeye_daisy":4,"minecraft:lapis_ore":1,"minecraft:stripped_oak_log":2,"minecraft:red_mushroom":13,"minecraft:filled_map":1,"minecraft:oak_log":606,"minecraft:paper":1653,"minecraft:stone_bricks":2,"minecraft:apple":26,"minecraft:kelp":41,"minecraft:oak_fence_gate":3,"minecraft:iron_ore":70,"minecraft:cherry_sign":1,"minecraft:glass_bottle":2,"minecraft:iron_sword":1,"minecraft:gravel":69,"minecraft:crying_obsidian":14,"minecraft:firework_rocket":251,"minecraft:diamond_shovel":3,"minecraft:coal_ore":18,"minecraft:slime_ball":21,"minecraft:stone_axe":53,"minecraft:short_grass":1,"minecraft:diamond_axe":7,"minecraft:gray_wool":33,"minecraft:oak_button":4,"minecraft:hopper":3,"minecraft:ender_pearl":7137,"minecraft:shulker_shell":71,"minecraft:wheat":14,"minecraft:ender_chest":19,"minecraft:potion":3,"minecraft:nether_brick":60,"minecraft:iron_leggings":3,"minecraft:oak_sign":1,"minecraft:activator_rail":26,"minecraft:bucket":3,"minecraft:redstone_torch":7,"minecraft:ender_eye":11,"minecraft:azalea":1,"minecraft:iron_pickaxe":2,"minecraft:iron_boots":16,"minecraft:furnace":4,"minecraft:stick":197,"minecraft:birch_trapdoor":48,"minecraft:oak_fence":10,"minecraft:torch":163,"minecraft:porkchop":18,"minecraft:pointed_dripstone":1,"minecraft:diorite":50,"minecraft:quartz_block":482,"minecraft:rotten_flesh":256,"minecraft:obsidian":71,"minecraft:cod":2,"minecraft:cobblestone":505,"minecraft:pink_petals":12,"minecraft:cherry_planks":8,"minecraft:andesite":28,"minecraft:golden_leggings":1,"minecraft:potato":15,"minecraft:tuff":17,"minecraft:lapis_lazuli":514,"minecraft:dirt":2028,"minecraft:name_tag":10,"minecraft:glass":476,"minecraft:bone":258,"minecraft:bow":16,"minecraft:wheat_seeds":178,"minecraft:raw_gold":617,"minecraft:cobbled_deepslate_slab":8,"minecraft:grindstone":8,"minecraft:fletching_table":1,"minecraft:powered_rail":37,"minecraft:oak_planks":254,"minecraft:stone_hoe":6,"minecraft:cooked_porkchop":40,"minecraft:music_disc_13":1,"minecraft:polished_blackstone_slab":144,"minecraft:sand":11,"minecraft:nether_brick_stairs":4,"minecraft:grass_block":1174,"minecraft:spectral_arrow":77,"minecraft:shulker_box":24,"minecraft:mossy_cobblestone":2,"minecraft:diamond":1200,"minecraft:bone_meal":47,"minecraft:golden_apple":19,"minecraft:emerald":308,"minecraft:oak_sapling":263,"minecraft:netherrack":6245,"minecraft:chorus_fruit":30,"minecraft:end_stone_bricks":11,"minecraft:end_stone_brick_stairs":15,"minecraft:splash_potion":7,"minecraft:chicken":5,"minecraft:brown_mushroom":73,"minecraft:gold_block":4,"minecraft:shield":7,"minecraft:oak_trapdoor":1,"minecraft:iron_axe":5,"minecraft:quartz_slab":77,"minecraft:blackstone":2236,"minecraft:detector_rail":3,"minecraft:oak_boat":24,"minecraft:light_gray_wool":59,"minecraft:lectern":65,"minecraft:sugar_cane":3801,"minecraft:raw_iron":1744,"minecraft:end_stone":568,"minecraft:iron_horse_armor":2,"minecraft:arrow":268,"minecraft:pumpkin_pie":23,"minecraft:jungle_stairs":2,"minecraft:nether_bricks":322,"minecraft:saddle":5,"minecraft:basalt":12,"minecraft:glow_ink_sac":42,"minecraft:golden_carrot":64,"minecraft:crimson_stem":21,"minecraft:leather":62,"minecraft:birch_planks":49,"minecraft:crimson_fungus":2,"minecraft:chainmail_chestplate":8,"minecraft:gunpowder":106,"minecraft:yellow_bed":1,"minecraft:cobblestone_stairs":9,"minecraft:cooked_mutton":29,"minecraft:heart_of_the_sea":1,"minecraft:iron_ingot":30,"minecraft:soul_sand":95,"minecraft:book":220,"minecraft:quartz":2164,"minecraft:dandelion":17,"minecraft:lava_bucket":1,"minecraft:blast_furnace":2,"minecraft:white_bed":17,"minecraft:spider_eye":23,"minecraft:chainmail_leggings":1,"minecraft:iron_helmet":5,"minecraft:cherry_sapling":84,"minecraft:damaged_anvil":1,"minecraft:coal":665},"minecraft:crafted":{"minecraft:ender_chest":2,"minecraft:black_dye":1,"minecraft:smooth_stone":3,"minecraft:chainmail_helmet":10,"minecraft:oak_sign":3,"minecraft:blaze_powder":16,"minecraft:birch_slab":6,"minecraft:loom":1,"minecraft:polished_blackstone_slab":510,"minecraft:lever":1,"minecraft:diamond_shovel":3,"minecraft:bookshelf":101,"minecraft:cooked_mutton":54,"minecraft:shulker_box":6,"minecraft:glass":322,"minecraft:quartz_block":509,"minecraft:diamond_helmet":3,"minecraft:diamond_leggings":3,"minecraft:polished_blackstone":2220,"minecraft:glass_bottle":9,"minecraft:emerald":2484,"minecraft:cooked_porkchop":14,"minecraft:diamond_axe":3,"minecraft:smithing_table":2,"minecraft:fletching_table":1,"minecraft:end_stone_brick_stairs":124,"minecraft:lectern":13,"minecraft:cherry_sign":21,"minecraft:stone_slab":6,"minecraft:compass":7,"minecraft:iron_pickaxe":1,"minecraft:iron_block":12,"minecraft:gold_ingot":286,"minecraft:composter":2,"minecraft:golden_carrot":420,"minecraft:iron_nugget":47,"minecraft:experience_bottle":3,"minecraft:bone_meal":171,"minecraft:white_carpet":6,"minecraft:cherry_trapdoor":24,"minecraft:lantern":26,"minecraft:ender_pearl":11,"minecraft:stone_pickaxe":1,"minecraft:diamond_boots":4,"minecraft:quartz_slab":491,"minecraft:lead":10,"minecraft:wheat":504,"minecraft:enchanting_table":1,"minecraft:enchanted_book":56,"minecraft:oak_fence_gate":2,"minecraft:golden_apple":21,"minecraft:chainmail_boots":12,"minecraft:fermented_spider_eye":2,"minecraft:birch_trapdoor":18,"minecraft:writable_book":1,"minecraft:iron_shovel":2,"minecraft:iron_leggings":2,"minecraft:white_bed":1,"minecraft:grindstone":1,"minecraft:oak_planks":1956,"minecraft:barrel":1,"minecraft:cherry_slab":78,"minecraft:cooked_chicken":5,"minecraft:stone":6,"minecraft:suspicious_stew":7,"minecraft:hopper":14,"minecraft:bow":6,"minecraft:iron_boots":12,"minecraft:chest":46,"minecraft:oak_button":2,"minecraft:cod_bucket":1,"minecraft:rail":48,"minecraft:stone_hoe":10,"minecraft:ender_eye":14,"minecraft:cherry_fence":6,"minecraft:oak_fence":42,"minecraft:smoker":1,"minecraft:dropper":1,"minecraft:oak_slab":30,"minecraft:crafting_table":4,"minecraft:wooden_pickaxe":1,"minecraft:iron_helmet":2,"minecraft:chainmail_chestplate":8,"minecraft:birch_planks":152,"minecraft:brewing_stand":2,"minecraft:dispenser":2,"minecraft:apple":8,"minecraft:book":26,"minecraft:iron_chestplate":2,"minecraft:paper":2730,"minecraft:diamond_pickaxe":2,"minecraft:shield":2,"minecraft:stick":2732,"minecraft:iron_ingot":1181,"minecraft:redstone_torch":3,"minecraft:shears":1,"minecraft:cherry_planks":408,"minecraft:cobbled_deepslate_slab":288,"minecraft:redstone":16,"minecraft:tripwire_hook":2,"minecraft:furnace":3,"minecraft:blast_furnace":1,"minecraft:mushroom_stew":8,"minecraft:end_stone_bricks":188,"minecraft:oak_trapdoor":2,"minecraft:flint_and_steel":1,"minecraft:iron_axe":7,"minecraft:minecart":3,"minecraft:cooked_beef":38,"minecraft:sugar":2,"minecraft:crimson_planks":28,"minecraft:diamond_sword":3,"minecraft:powered_rail":6,"minecraft:iron_sword":1,"minecraft:bowl":4,"minecraft:bucket":3,"minecraft:stone_axe":11,"minecraft:air":0,"minecraft:bread":3,"minecraft:oak_boat":2,"minecraft:white_wool":2094,"minecraft:anvil":4,"minecraft:pumpkin_pie":136,"minecraft:torch":24,"minecraft:diamond_chestplate":3,"minecraft:firework_rocket":372},"minecraft:dropped":{"minecraft:crimson_stem":2,"minecraft:lapis_lazuli":40,"minecraft:crafting_table":1,"minecraft:saddle":1,"minecraft:rail":8,"minecraft:dirt":42,"minecraft:gold_nugget":6,"minecraft:bone_meal":15,"minecraft:white_wool":1093,"minecraft:bone":4,"minecraft:stone_axe":53,"minecraft:iron_nugget":24,"minecraft:cobbled_deepslate":139,"minecraft:nether_brick":60,"minecraft:rotten_flesh":47,"minecraft:oak_planks":5,"minecraft:quartz_block":300,"minecraft:glass":294,"minecraft:beef":45,"minecraft:enchanted_book":3,"minecraft:wheat_seeds":4,"minecraft:oak_fence":1,"minecraft:cobblestone":62,"minecraft:iron_helmet":3,"minecraft:granite":24,"minecraft:chainmail_helmet":10,"minecraft:golden_carrot":4,"minecraft:potion":2,"minecraft:heart_of_the_sea":1,"minecraft:paper":1653,"minecraft:string":386,"minecraft:iron_boots":14,"minecraft:nether_bricks":4,"minecraft:spider_eye":1,"minecraft:quartz_slab":6,"minecraft:nether_brick_stairs":4,"minecraft:birch_planks":18,"minecraft:ender_pearl":7018,"minecraft:leather":14,"minecraft:iron_horse_armor":1,"minecraft:cod":1,"minecraft:mutton":8,"minecraft:crimson_roots":15,"minecraft:gold_ingot":117,"minecraft:gravel":50,"minecraft:crimson_fungus":2,"minecraft:blackstone":13,"minecraft:pointed_dripstone":1,"minecraft:carrot":4,"minecraft:chainmail_chestplate":8,"minecraft:birch_trapdoor":7,"minecraft:chainmail_boots":8,"minecraft:netherrack":3978,"minecraft:firework_rocket":1,"minecraft:stone_hoe":14,"minecraft:bread":2,"minecraft:golden_helmet":1,"minecraft:grass_block":64,"minecraft:stick":23,"minecraft:diorite":15,"minecraft:torch":15,"minecraft:iron_leggings":3,"minecraft:iron_axe":4,"minecraft:bucket":2,"minecraft:kelp":41,"minecraft:tuff":8,"minecraft:filled_map":2,"minecraft:shield":4,"minecraft:iron_chestplate":3,"minecraft:andesite":4,"minecraft:oak_boat":3,"minecraft:golden_sword":3,"minecraft:wooden_pickaxe":1}},"DataVersion":3700}