{"stats":{"minecraft:killed":{"minecraft:cave_spider":4,"minecraft:cod":1,"minecraft:shulker":82,"minecraft:skeleton":252,"minecraft:chicken":92,"minecraft:magma_cube":54,"minecraft:salmon":19,"minecraft:iron_golem":1,"minecraft:ender_dragon":1,"minecraft:pillager":8,"minecraft:zombie":393,"minecraft:glow_squid":2,"minecraft:cow":31,"minecraft:enderman":5261,"minecraft:witch":9,"minecraft:zombified_piglin":1,"minecraft:spider":84,"minecraft:wither":1,"minecraft:silverfish":5,"minecraft:piglin_brute":1,"minecraft:piglin":65,"minecraft:pig":8,"minecraft:zombie_villager":5,"minecraft:creeper":251,"minecraft:sheep":39,"minecraft:ghast":2,"minecraft:blaze":60,"minecraft:slime":45,"minecraft:drowned":4,"minecraft:bat":1,"minecraft:hoglin":15,"minecraft:squid":6,"minecraft:wither_skeleton":102,"minecraft:player":3,"minecraft:villager":2},"minecraft:killed_by":{"minecraft:zombie":1,"minecraft:wither_skeleton":2,"minecraft:creeper":2},"minecraft:dropped":{"minecraft:crimson_stem":2,"minecraft:lapis_lazuli":40,"minecraft:glow_ink_sac":1,"minecraft:crafting_table":1,"minecraft:cooked_porkchop":2,"minecraft:saddle":1,"minecraft:elytra":1,"minecraft:rail":33,"minecraft:leather_helmet":1,"minecraft:dirt":364,"minecraft:gold_nugget":16,"minecraft:bone_meal":15,"minecraft:white_wool":1497,"minecraft:bone":90,"minecraft:stone_axe":53,"minecraft:iron_nugget":24,"minecraft:golden_chestplate":3,"minecraft:cobbled_deepslate":144,"minecraft:nether_brick":60,"minecraft:rotten_flesh":90,"minecraft:oak_planks":5,"minecraft:azure_bluet":1,"minecraft:white_bed":118,"minecraft:quartz_block":300,"minecraft:glass":294,"minecraft:beef":45,"minecraft:enchanted_book":17,"minecraft:golden_boots":1,"minecraft:iron_ingot":8,"minecraft:wheat_seeds":121,"minecraft:oak_fence":1,"minecraft:iron_helmet":3,"minecraft:cobblestone":67,"minecraft:granite":25,"minecraft:chainmail_helmet":10,"minecraft:golden_carrot":4,"minecraft:diamond_helmet":3,"minecraft:potion":2,"minecraft:heart_of_the_sea":1,"minecraft:iron_shovel":1,"minecraft:paper":1653,"minecraft:string":524,"minecraft:stone_sword":3,"minecraft:deepslate":3,"minecraft:diamond_hoe":1,"minecraft:iron_boots":15,"minecraft:nether_bricks":4,"minecraft:diamond_sword":1,"minecraft:stone":98,"minecraft:spider_eye":5,"minecraft:bow":3,"minecraft:quartz_slab":6,"minecraft:nether_brick_stairs":4,"minecraft:soul_sand":9,"minecraft:birch_planks":18,"minecraft:ender_pearl":8039,"minecraft:leather":20,"minecraft:iron_horse_armor":1,"minecraft:cod":1,"minecraft:ice":1,"minecraft:cornflower":8,"minecraft:mutton":8,"minecraft:crimson_roots":15,"minecraft:gold_ingot":121,"minecraft:gravel":50,"minecraft:crimson_fungus":2,"minecraft:blackstone":27,"minecraft:pointed_dripstone":1,"minecraft:diamond_shovel":3,"minecraft:carrot":4,"minecraft:chainmail_chestplate":8,"minecraft:poppy":5,"minecraft:leather_chestplate":1,"minecraft:birch_trapdoor":7,"minecraft:chainmail_boots":8,"minecraft:basalt":66,"minecraft:arrow":41,"minecraft:netherrack":5026,"minecraft:firework_rocket":1,"minecraft:stone_hoe":18,"minecraft:bread":2,"minecraft:golden_helmet":1,"minecraft:diamond_leggings":3,"minecraft:grass_block":64,"minecraft:stick":23,"minecraft:diorite":26,"minecraft:torch":79,"minecraft:iron_leggings":3,"minecraft:iron_axe":4,"minecraft:bucket":2,"minecraft:dandelion":12,"minecraft:kelp":41,"minecraft:blaze_rod":74,"minecraft:tuff":8,"minecraft:flint_and_steel":3,"minecraft:filled_map":2,"minecraft:shield":4,"minecraft:iron_chestplate":3,"minecraft:andesite":4,"minecraft:oak_boat":3,"minecraft:golden_sword":4,"minecraft:diamond_boots":3,"minecraft:wooden_pickaxe":1,"minecraft:magma_cream":10},"minecraft:used":{"minecraft:writable_book":10,"minecraft:polished_blackstone":1026,"minecraft:dispenser":11,"minecraft:elytra":242,"minecraft:ladder":6,"minecraft:chest":88,"minecraft:stone":52,"minecraft:warped_sign":30,"minecraft:soul_sand":50,"minecraft:polished_blackstone_slab":396,"minecraft:packed_ice":206,"minecraft:lava_bucket":92,"minecraft:grass_block":2269,"minecraft:birch_sapling":69,"minecraft:quartz_block":410,"minecraft:stone_brick_stairs":301,"minecraft:bow":106,"minecraft:oak_sapling":95,"minecraft:furnace":17,"minecraft:end_stone_brick_stairs":67,"minecraft:egg":601,"minecraft:potato":9,"minecraft:short_grass":1,"minecraft:damaged_anvil":1,"minecraft:diorite":10,"minecraft:end_stone_bricks":2,"minecraft:powered_rail":602,"minecraft:blackstone":2,"minecraft:wooden_pickaxe":27,"minecraft:composter":16,"minecraft:purpur_pillar":4,"minecraft:golden_apple":8,"minecraft:sand":6,"minecraft:blast_furnace":3,"minecraft:birch_fence":272,"minecraft:lectern":78,"minecraft:cherry_sign":22,"minecraft:diamond_sword":4156,"minecraft:fire_charge":1,"minecraft:smithing_table":11,"minecraft:white_stained_glass":1,"minecraft:ice":77,"minecraft:oak_boat":27,"minecraft:oak_trapdoor":7,"minecraft:enchanting_table":1,"minecraft:netherrack":1968,"minecraft:torch":177,"minecraft:brewing_stand":3,"minecraft:anvil":9,"minecraft:nether_quartz_ore":1,"minecraft:cod_bucket":3,"minecraft:oak_fence_gate":5,"minecraft:iron_axe":433,"minecraft:iron_block":182,"minecraft:cherry_slab":2,"minecraft:slime_block":8,"minecraft:barrel":11,"minecraft:diamond_chestplate":235,"minecraft:tripwire_hook":2,"minecraft:basalt":15,"minecraft:beef":1,"minecraft:cherry_fence":4,"minecraft:cobbled_deepslate":230,"minecraft:observer":15,"minecraft:wheat_seeds":50,"minecraft:water_bucket":1662,"minecraft:birch_planks":36,"minecraft:cherry_planks":96,"minecraft:fletching_table":2,"minecraft:cracked_stone_bricks":4,"minecraft:diamond_block":84,"minecraft:mossy_cobblestone":2,"minecraft:rail":1292,"minecraft:comparator":14,"minecraft:tnt":25,"minecraft:crafting_table":18,"minecraft:white_bed":143,"minecraft:oak_log":46,"minecraft:ender_eye":22,"minecraft:diamond_pickaxe":22342,"minecraft:warped_trapdoor":82,"minecraft:diamond_shovel":13617,"minecraft:iron_pickaxe":248,"minecraft:oak_button":7,"minecraft:suspicious_stew":8,"minecraft:cobblestone":361,"minecraft:porkchop":4,"minecraft:cooked_porkchop":23,"minecraft:stripped_oak_log":1,"minecraft:diamond_leggings":7,"minecraft:cherry_sapling":9,"minecraft:iron_shovel":509,"minecraft:oak_sign":20,"minecraft:diamond_hoe":421,"minecraft:shield":128,"minecraft:white_terracotta":2,"minecraft:iron_sword":240,"minecraft:nether_wart":294,"minecraft:iron_chestplate":2,"minecraft:nether_bricks":256,"minecraft:carrot":495,"minecraft:tuff":6,"minecraft:obsidian":80,"minecraft:glass":3125,"minecraft:coal_ore":18,"minecraft:quartz_slab":1161,"minecraft:lantern":10,"minecraft:warped_nylium":1,"minecraft:iron_helmet":2,"minecraft:stone_bricks":32,"minecraft:deepslate_diamond_ore":152,"minecraft:birch_button":5,"minecraft:birch_trapdoor":37,"minecraft:warped_fungus":4,"minecraft:golden_boots":3,"minecraft:diamond_boots":4,"minecraft:dropper":1,"minecraft:wither_skeleton_skull":5,"minecraft:stone_pickaxe":131,"minecraft:oak_planks":212,"minecraft:ender_pearl":79,"minecraft:redstone_block":14,"minecraft:sugar_cane":253,"minecraft:diamond_axe":2038,"minecraft:white_wool":9,"minecraft:loom":11,"minecraft:mushroom_stew":6,"minecraft:end_stone":144,"minecraft:shears":14,"minecraft:sticky_piston":4,"minecraft:redstone_torch":131,"minecraft:lever":17,"minecraft:firework_rocket":1211,"minecraft:bread":4,"minecraft:string":135,"minecraft:deepslate":13,"minecraft:gravel":21,"minecraft:chainmail_boots":1,"minecraft:grindstone":10,"minecraft:andesite":12,"minecraft:chain":41,"minecraft:tropical_fish_bucket":7,"minecraft:bone_meal":631,"minecraft:experience_bottle":3,"minecraft:oak_fence":48,"minecraft:purpur_block":1,"minecraft:flint_and_steel":25,"minecraft:redstone":175,"minecraft:ender_chest":31,"minecraft:stone_hoe":156,"minecraft:cooked_chicken":5,"minecraft:oak_door":6,"minecraft:dirt":3473,"minecraft:white_carpet":137,"minecraft:hopper":46,"minecraft:diamond_helmet":5,"minecraft:shulker_box":72,"minecraft:warped_pressure_plate":28,"minecraft:granite":11,"minecraft:stone_brick_slab":1,"minecraft:bookshelf":89,"minecraft:oak_stairs":1,"minecraft:cherry_trapdoor":30,"minecraft:iron_boots":7,"minecraft:golden_carrot":777,"minecraft:emerald_block":91,"minecraft:minecart":129,"minecraft:cooked_beef":39,"minecraft:iron_leggings":2,"minecraft:cooked_mutton":54,"minecraft:iron_ore":70,"minecraft:cobblestone_stairs":3,"minecraft:glass_bottle":11,"minecraft:brown_mushroom":5,"minecraft:beacon":2,"minecraft:stonecutter":2,"minecraft:smoker":4,"minecraft:piston":31,"minecraft:activator_rail":8,"minecraft:lapis_ore":1,"minecraft:detector_rail":8,"minecraft:stone_axe":78,"minecraft:cobbled_deepslate_slab":190,"minecraft:bucket":1764,"minecraft:pumpkin_pie":136,"minecraft:yellow_bed":1,"minecraft:splash_potion":2,"minecraft:smooth_stone":10},"minecraft:picked_up":{"minecraft:seagrass":16,"minecraft:iron_chestplate":4,"minecraft:chainmail_boots":12,"minecraft:anvil":4,"minecraft:smithing_table":9,"minecraft:lead":30,"minecraft:diamond_sword":13,"minecraft:oak_stairs":3,"minecraft:enchanted_book":24,"minecraft:brewing_stand":1,"minecraft:golden_sword":7,"minecraft:string":17090,"minecraft:soul_soil":4,"minecraft:diamond_leggings":12,"minecraft:gold_nugget":204,"minecraft:cobbled_deepslate":949,"minecraft:diamond_ore":2,"minecraft:golden_helmet":1,"minecraft:composter":8,"minecraft:purpur_pillar":16,"minecraft:cherry_log":122,"minecraft:golden_chestplate":3,"minecraft:stone_sword":10,"minecraft:tropical_fish":10,"minecraft:iron_block":18,"minecraft:glowstone":14,"minecraft:white_terracotta":2,"minecraft:blaze_rod":183,"minecraft:birch_log":401,"minecraft:magma_block":3,"minecraft:feather":16,"minecraft:iron_door":3,"minecraft:water_bucket":12,"minecraft:smoker":3,"minecraft:flint":7,"minecraft:cherry_fence":6,"minecraft:lantern":32,"minecraft:stonecutter":1,"minecraft:diamond_helmet":11,"minecraft:glowstone_dust":1,"minecraft:moss_block":1,"minecraft:warped_wart_block":1,"minecraft:dropper":1,"minecraft:ink_sac":27,"minecraft:loom":10,"minecraft:barrel":10,"minecraft:dispenser":10,"minecraft:deepslate":50,"minecraft:lever":14,"minecraft:granite":52,"minecraft:chainmail_helmet":10,"minecraft:bread":2,"minecraft:cherry_slab":2,"minecraft:crimson_roots":17,"minecraft:diamond_pickaxe":19,"minecraft:crafting_table":16,"minecraft:nether_wart":1032,"minecraft:leather_leggings":1,"minecraft:dragon_head":3,"minecraft:purpur_block":1,"minecraft:cornflower":15,"minecraft:elytra":12,"minecraft:flint_and_steel":5,"minecraft:white_stained_glass":1,"minecraft:white_carpet":13,"minecraft:iron_shovel":5,"minecraft:cracked_stone_bricks":5,"minecraft:deepslate_diamond_ore":165,"minecraft:beef":122,"minecraft:poppy":116,"minecraft:iron_nugget":56,"minecraft:spruce_slab":2,"minecraft:minecart":167,"minecraft:chest":44,"minecraft:birch_sapling":89,"minecraft:piston":31,"minecraft:diamond_hoe":1,"minecraft:egg":668,"minecraft:copper_ore":11,"minecraft:stone":1475,"minecraft:oak_door":6,"minecraft:fire_charge":11,"minecraft:carrot":694,"minecraft:redstone":600,"minecraft:tnt":5,"minecraft:diamond_chestplate":12,"minecraft:beetroot_seeds":5,"minecraft:diamond_boots":13,"minecraft:hay_block":56,"minecraft:gold_ingot":75,"minecraft:polished_blackstone":307,"minecraft:glow_berries":6,"minecraft:mutton":70,"minecraft:white_wool":1968,"minecraft:rail":1361,"minecraft:emerald_ore":1,"minecraft:oxeye_daisy":6,"minecraft:lapis_ore":1,"minecraft:stripped_oak_log":2,"minecraft:red_mushroom":13,"minecraft:filled_map":1,"minecraft:oak_log":660,"minecraft:ancient_debris":3,"minecraft:golden_boots":3,"minecraft:paper":1704,"minecraft:white_banner":2,"minecraft:apple":28,"minecraft:stone_bricks":11,"minecraft:kelp":54,"minecraft:warped_stem":103,"minecraft:oak_fence_gate":3,"minecraft:iron_ore":70,"minecraft:cobweb":9,"minecraft:cherry_sign":1,"minecraft:glass_bottle":5,"minecraft:iron_sword":1,"minecraft:gravel":89,"minecraft:crying_obsidian":21,"minecraft:dragon_egg":1,"minecraft:leather_helmet":3,"minecraft:firework_rocket":442,"minecraft:diamond_shovel":10,"minecraft:coal_ore":18,"minecraft:slime_ball":70,"minecraft:stone_axe":53,"minecraft:short_grass":1,"minecraft:diamond_axe":11,"minecraft:gray_wool":33,"minecraft:warped_roots":2,"minecraft:oak_button":6,"minecraft:baked_potato":2,"minecraft:warped_nylium":7,"minecraft:hopper":7,"minecraft:ender_pearl":8137,"minecraft:shulker_shell":71,"minecraft:wheat":14,"minecraft:redstone_block":13,"minecraft:ender_chest":40,"minecraft:turtle_egg":6,"minecraft:potion":8,"minecraft:nether_brick":72,"minecraft:stone_brick_stairs":24,"minecraft:raw_copper":3,"minecraft:iron_leggings":3,"minecraft:sticky_piston":3,"minecraft:oak_sign":4,"minecraft:activator_rail":26,"minecraft:smooth_stone":9,"minecraft:comparator":4,"minecraft:bucket":3,"minecraft:redstone_torch":136,"minecraft:ender_eye":11,"minecraft:azalea":1,"minecraft:iron_pickaxe":2,"minecraft:iron_boots":17,"minecraft:furnace":7,"minecraft:stick":263,"minecraft:birch_trapdoor":58,"minecraft:oak_fence":11,"minecraft:torch":609,"minecraft:porkchop":18,"minecraft:pointed_dripstone":1,"minecraft:diorite":80,"minecraft:quartz_block":484,"minecraft:rotten_flesh":648,"minecraft:obsidian":289,"minecraft:cod":2,"minecraft:cobblestone":858,"minecraft:pink_petals":12,"minecraft:leather_chestplate":5,"minecraft:magma_cream":40,"minecraft:cherry_planks":8,"minecraft:andesite":177,"minecraft:golden_leggings":3,"minecraft:beacon":1,"minecraft:potato":15,"minecraft:tuff":23,"minecraft:warped_trapdoor":9,"minecraft:wither_skeleton_skull":5,"minecraft:lapis_lazuli":514,"minecraft:dirt":7451,"minecraft:name_tag":10,"minecraft:glass":1123,"minecraft:bone":983,"minecraft:bow":31,"minecraft:wheat_seeds":482,"minecraft:raw_gold":645,"minecraft:cobbled_deepslate_slab":8,"minecraft:grindstone":8,"minecraft:fletching_table":1,"minecraft:powered_rail":714,"minecraft:oak_planks":389,"minecraft:stone_hoe":10,"minecraft:ghast_tear":3,"minecraft:cooked_porkchop":108,"minecraft:music_disc_13":1,"minecraft:polished_blackstone_slab":144,"minecraft:sand":1788,"minecraft:nether_brick_stairs":4,"minecraft:grass_block":5788,"minecraft:diamond_block":84,"minecraft:spectral_arrow":92,"minecraft:shulker_box":74,"minecraft:mossy_cobblestone":2,"minecraft:sugar":13,"minecraft:diamond":1536,"minecraft:slime_block":4,"minecraft:crossbow":1,"minecraft:bone_meal":48,"minecraft:golden_apple":19,"minecraft:emerald":326,"minecraft:oak_sapling":288,"minecraft:netherrack":9353,"minecraft:chorus_fruit":30,"minecraft:nether_star":1,"minecraft:end_stone_bricks":11,"minecraft:end_stone_brick_stairs":15,"minecraft:azure_bluet":4,"minecraft:splash_potion":9,"minecraft:chicken":14,"minecraft:ladder":18,"minecraft:brown_mushroom":75,"minecraft:packed_ice":796,"minecraft:gold_block":5,"minecraft:chain":41,"minecraft:shield":7,"minecraft:oak_trapdoor":3,"minecraft:iron_axe":5,"minecraft:quartz_slab":112,"minecraft:birch_fence":12,"minecraft:blackstone":2259,"minecraft:detector_rail":48,"minecraft:oak_boat":30,"minecraft:observer":12,"minecraft:light_gray_wool":59,"minecraft:lectern":65,"minecraft:sugar_cane":4565,"minecraft:cherry_trapdoor":6,"minecraft:raw_iron":1809,"minecraft:end_stone":672,"minecraft:copper_ingot":1,"minecraft:iron_horse_armor":2,"minecraft:arrow":623,"minecraft:pumpkin_pie":23,"minecraft:jungle_stairs":2,"minecraft:nether_bricks":1185,"minecraft:saddle":5,"minecraft:basalt":201,"minecraft:golden_carrot":268,"minecraft:glow_ink_sac":84,"minecraft:crimson_stem":27,"minecraft:salmon":19,"minecraft:leather":88,"minecraft:birch_planks":54,"minecraft:ice":313,"minecraft:crimson_fungus":3,"minecraft:chainmail_chestplate":9,"minecraft:yellow_bed":1,"minecraft:gunpowder":664,"minecraft:cobblestone_stairs":9,"minecraft:cooked_mutton":29,"minecraft:heart_of_the_sea":1,"minecraft:iron_ingot":447,"minecraft:cooked_chicken":1,"minecraft:soul_sand":124,"minecraft:book":223,"minecraft:warped_fungus":6,"minecraft:nether_quartz_ore":1,"minecraft:emerald_block":91,"minecraft:pumpkin":1,"minecraft:stone_brick_slab":1,"minecraft:quartz":3487,"minecraft:dandelion":60,"minecraft:lava_bucket":1,"minecraft:blast_furnace":2,"minecraft:white_bed":206,"minecraft:spider_eye":89,"minecraft:chainmail_leggings":2,"minecraft:iron_helmet":5,"minecraft:cherry_sapling":101,"minecraft:damaged_anvil":1,"minecraft:coal":1069},"minecraft:custom":{"minecraft:interact_with_crafting_table":559,"minecraft:open_barrel":328,"minecraft:bell_ring":93,"minecraft:leave_game":121,"minecraft:time_since_death":294146,"minecraft:damage_blocked_by_shield":3704,"minecraft:play_time":4640124,"minecraft:deaths":12,"minecraft:jump":65447,"minecraft:enchant_item":6,"minecraft:interact_with_furnace":1265,"minecraft:traded_with_villager":4965,"minecraft:sleep_in_bed":145,"minecraft:damage_dealt":366491,"minecraft:interact_with_smoker":37,"minecraft:inspect_dispenser":49,"minecraft:horse_one_cm":323438,"minecraft:interact_with_smithing_table":6,"minecraft:inspect_dropper":1,"minecraft:interact_with_anvil":84,"minecraft:inspect_hopper":286,"minecraft:sneak_time":490690,"minecraft:interact_with_blast_furnace":121,"minecraft:total_world_time":4640124,"minecraft:interact_with_stonecutter":5,"minecraft:time_since_rest":201848,"minecraft:swim_one_cm":333701,"minecraft:fly_one_cm":20425136,"minecraft:open_chest":4002,"minecraft:fall_one_cm":1670256,"minecraft:animals_bred":59,"minecraft:open_shulker_box":197,"minecraft:sprint_one_cm":15603574,"minecraft:drop":3476,"minecraft:talked_to_villager":1632,"minecraft:interact_with_brewingstand":20,"minecraft:walk_on_water_one_cm":1016171,"minecraft:interact_with_loom":6,"minecraft:open_enderchest":203,"minecraft:interact_with_beacon":144,"minecraft:player_kills":3,"minecraft:crouch_one_cm":1619549,"minecraft:mob_kills":6983,"minecraft:climb_one_cm":17898,"minecraft:walk_one_cm":4739223,"minecraft:walk_under_water_one_cm":400970,"minecraft:boat_one_cm":192145,"minecraft:interact_with_grindstone":11,"minecraft:damage_taken":60910,"minecraft:damage_absorbed":300,"minecraft:aviate_one_cm":35942678},"minecraft:broken":{"minecraft:diamond_helmet":1,"minecraft:iron_boots":1,"minecraft:diamond_pickaxe":1,"minecraft:iron_sword":1,"minecraft:diamond_leggings":1,"minecraft:shield":1,"minecraft:iron_axe":1,"minecraft:iron_pickaxe":1,"minecraft:iron_helmet":1,"minecraft:iron_shovel":2,"minecraft:stone_pickaxe":1,"minecraft:diamond_boots":1,"minecraft:stone_axe":1,"minecraft:diamond_sword":1,"minecraft:diamond_axe":1},"minecraft:mined":{"minecraft:dragon_wall_head":1,"minecraft:white_bed":87,"minecraft:cherry_log":123,"minecraft:obsidian":158,"minecraft:granite":23,"minecraft:hopper":8,"minecraft:crimson_fungus":1,"minecraft:oxeye_daisy":2,"minecraft:oak_wall_sign":4,"minecraft:nether_wart":313,"minecraft:spawner":8,"minecraft:tall_seagrass":4,"minecraft:magma_block":3,"minecraft:cobbled_deepslate":170,"minecraft:fire":115,"minecraft:sticky_piston":2,"minecraft:barrel":10,"minecraft:pumpkin":1,"minecraft:fletching_table":1,"minecraft:deepslate_lapis_ore":21,"minecraft:nether_brick_stairs":4,"minecraft:dirt_path":72,"minecraft:oak_stairs":3,"minecraft:quartz_slab":140,"minecraft:iron_block":18,"minecraft:tripwire":9,"minecraft:piston_head":1,"minecraft:brown_mushroom":19,"minecraft:kelp_plant":2,"minecraft:smoker":3,"minecraft:crimson_nylium":45,"minecraft:soul_fire":18,"minecraft:powder_snow":3,"minecraft:torch":45,"minecraft:blast_furnace":2,"minecraft:glass":638,"minecraft:sugar_cane":2482,"minecraft:damaged_anvil":1,"minecraft:cherry_slab":2,"minecraft:birch_sapling":3,"minecraft:white_terracotta":2,"minecraft:chain":41,"minecraft:wheat":14,"minecraft:warped_fungus":6,"minecraft:stone_brick_stairs":24,"minecraft:oak_fence_gate":3,"minecraft:loom":10,"minecraft:stonecutter":1,"minecraft:piston":19,"minecraft:deepslate":665,"minecraft:mossy_cobblestone":2,"minecraft:cherry_sapling":2,"minecraft:shulker_box":71,"minecraft:end_stone":578,"minecraft:nether_bricks":1186,"minecraft:cobbled_deepslate_slab":8,"minecraft:crimson_roots":8,"minecraft:redstone_wire":160,"minecraft:red_mushroom":13,"minecraft:cherry_wall_sign":1,"minecraft:redstone_ore":18,"minecraft:andesite":165,"minecraft:diamond_block":84,"minecraft:potatoes":5,"minecraft:rail":1107,"minecraft:warped_stem":104,"minecraft:warped_trapdoor":9,"minecraft:white_wool":9,"minecraft:ender_chest":33,"minecraft:smithing_table":9,"minecraft:redstone_block":13,"minecraft:cherry_planks":8,"minecraft:comparator":4,"minecraft:soul_sand":91,"minecraft:stone_brick_slab":1,"minecraft:observer":12,"minecraft:dandelion":6,"minecraft:cornflower":2,"minecraft:short_grass":505,"minecraft:emerald_ore":1,"minecraft:dropper":1,"minecraft:warped_roots":1,"minecraft:copper_ore":11,"minecraft:purpur_pillar":11,"minecraft:tall_grass":75,"minecraft:deepslate_gold_ore":145,"minecraft:diorite":34,"minecraft:warped_wart_block":1,"minecraft:white_carpet":12,"minecraft:birch_leaves":18,"minecraft:gravel":28,"minecraft:dripstone_block":1,"minecraft:cobweb":21,"minecraft:oak_button":5,"minecraft:polished_blackstone":198,"minecraft:stone_bricks":12,"minecraft:gold_ore":28,"minecraft:oak_sapling":10,"minecraft:farmland":67,"minecraft:cobblestone_stairs":9,"minecraft:sculk_vein":1,"minecraft:brewing_stand":1,"minecraft:cherry_trapdoor":1,"minecraft:grass_block":6408,"minecraft:composter":8,"minecraft:smooth_stone":2,"minecraft:glowstone":14,"minecraft:iron_ore":594,"minecraft:turtle_egg":6,"minecraft:anvil":4,"minecraft:pointed_dripstone":1,"minecraft:azalea":1,"minecraft:end_stone_bricks":9,"minecraft:spruce_slab":3,"minecraft:deepslate_redstone_ore":53,"minecraft:quartz_block":129,"minecraft:blackstone":2225,"minecraft:purpur_stairs":1,"minecraft:jungle_stairs":2,"minecraft:poppy":2,"minecraft:beacon":1,"minecraft:chest":42,"minecraft:mushroom_stem":9,"minecraft:nether_quartz_ore":1533,"minecraft:cobblestone":237,"minecraft:slime_block":4,"minecraft:grindstone":8,"minecraft:oak_planks":201,"minecraft:iron_door":4,"minecraft:wall_torch":17,"minecraft:pink_petals":2,"minecraft:seagrass":8,"minecraft:warped_nylium":7,"minecraft:powered_rail":515,"minecraft:birch_log":401,"minecraft:birch_trapdoor":21,"minecraft:activator_rail":8,"minecraft:tnt":1,"minecraft:purpur_block":1,"minecraft:oak_log":656,"minecraft:sand":1787,"minecraft:dirt":5762,"minecraft:wither_skeleton_skull":2,"minecraft:dispenser":10,"minecraft:netherrack":6708,"minecraft:ancient_debris":3,"minecraft:oak_leaves":461,"minecraft:emerald_block":91,"minecraft:nether_gold_ore":32,"minecraft:crying_obsidian":6,"minecraft:diamond_ore":2,"minecraft:tuff":41,"minecraft:deepslate_diamond_ore":550,"minecraft:oak_door":6,"minecraft:lever":1,"minecraft:white_stained_glass":1,"minecraft:brown_mushroom_block":90,"minecraft:crimson_stem":26,"minecraft:hay_block":56,"minecraft:oak_trapdoor":3,"minecraft:furnace":7,"minecraft:carrots":135,"minecraft:detector_rail":1,"minecraft:gold_block":5,"minecraft:bookshelf":74,"minecraft:deepslate_iron_ore":170,"minecraft:lantern":8,"minecraft:stripped_oak_log":2,"minecraft:packed_ice":810,"minecraft:chorus_plant":1,"minecraft:stone":1834,"minecraft:redstone_wall_torch":31,"minecraft:basalt":188,"minecraft:oak_fence":11,"minecraft:crafting_table":15,"minecraft:lectern":65,"minecraft:lapis_ore":10,"minecraft:birch_planks":36,"minecraft:end_stone_brick_stairs":15,"minecraft:polished_blackstone_slab":32,"minecraft:redstone_torch":51,"minecraft:ice":387,"minecraft:yellow_bed":1,"minecraft:coal_ore":429,"minecraft:cherry_leaves":55,"minecraft:cracked_stone_bricks":5,"minecraft:birch_fence":12},"minecraft:crafted":{"minecraft:ender_chest":3,"minecraft:black_dye":1,"minecraft:smooth_stone":158,"minecraft:chainmail_helmet":10,"minecraft:oak_sign":21,"minecraft:blaze_powder":18,"minecraft:birch_slab":18,"minecraft:slime_block":7,"minecraft:loom":1,"minecraft:polished_blackstone_slab":510,"minecraft:lever":4,"minecraft:diamond_shovel":6,"minecraft:bookshelf":102,"minecraft:shulker_box":6,"minecraft:cooked_mutton":54,"minecraft:iron_bars":16,"minecraft:quartz_block":856,"minecraft:glass":2717,"minecraft:diamond_helmet":3,"minecraft:repeater":12,"minecraft:diamond_leggings":3,"minecraft:beacon":1,"minecraft:polished_blackstone":2220,"minecraft:name_tag":1,"minecraft:glass_bottle":9,"minecraft:emerald":4094,"minecraft:cooked_porkchop":14,"minecraft:diamond_axe":3,"minecraft:smithing_table":2,"minecraft:sticky_piston":1,"minecraft:fletching_table":1,"minecraft:end_stone_brick_stairs":124,"minecraft:stone_brick_stairs":352,"minecraft:lectern":13,"minecraft:cherry_sign":21,"minecraft:stone_slab":12,"minecraft:compass":7,"minecraft:iron_pickaxe":1,"minecraft:iron_block":192,"minecraft:gold_ingot":300,"minecraft:composter":11,"minecraft:golden_carrot":780,"minecraft:iron_nugget":47,"minecraft:diamond_hoe":1,"minecraft:experience_bottle":3,"minecraft:bone_meal":744,"minecraft:white_carpet":123,"minecraft:warped_trapdoor":74,"minecraft:cherry_trapdoor":26,"minecraft:lantern":26,"minecraft:ladder":15,"minecraft:ender_pearl":11,"minecraft:stone_pickaxe":1,"minecraft:diamond_boots":4,"minecraft:quartz_slab":1145,"minecraft:redstone_block":26,"minecraft:lead":10,"minecraft:wheat":504,"minecraft:coal_block":36,"minecraft:enchanting_table":1,"minecraft:enchanted_book":74,"minecraft:white_stained_glass":88,"minecraft:oak_fence_gate":2,"minecraft:red_stained_glass":8,"minecraft:golden_apple":21,"minecraft:warped_sign":30,"minecraft:chainmail_boots":12,"minecraft:fermented_spider_eye":2,"minecraft:birch_trapdoor":18,"minecraft:warped_pressure_plate":28,"minecraft:writable_book":1,"minecraft:iron_shovel":2,"minecraft:iron_leggings":2,"minecraft:white_bed":72,"minecraft:grindstone":2,"minecraft:oak_planks":2404,"minecraft:barrel":1,"minecraft:cherry_slab":78,"minecraft:cooked_chicken":5,"minecraft:stone":34,"minecraft:cobblestone_stairs":4,"minecraft:suspicious_stew":7,"minecraft:warped_planks":412,"minecraft:hopper":89,"minecraft:bow":6,"minecraft:iron_boots":12,"minecraft:comparator":10,"minecraft:chest":177,"minecraft:oak_button":2,"minecraft:cod_bucket":1,"minecraft:rail":48,"minecraft:birch_button":5,"minecraft:stone_hoe":10,"minecraft:ender_eye":16,"minecraft:oak_fence":42,"minecraft:stone_bricks":596,"minecraft:cherry_fence":6,"minecraft:respawn_anchor":1,"minecraft:smoker":1,"minecraft:dropper":1,"minecraft:oak_slab":42,"minecraft:crafting_table":5,"minecraft:wooden_pickaxe":1,"minecraft:iron_helmet":2,"minecraft:chainmail_chestplate":8,"minecraft:birch_planks":1348,"minecraft:brewing_stand":2,"minecraft:dispenser":2,"minecraft:tnt":36,"minecraft:apple":8,"minecraft:book":48,"minecraft:iron_chestplate":2,"minecraft:paper":3627,"minecraft:diamond_pickaxe":3,"minecraft:emerald_block":87,"minecraft:shield":2,"minecraft:birch_fence":267,"minecraft:stick":3164,"minecraft:iron_ingot":1335,"minecraft:redstone_torch":101,"minecraft:shears":2,"minecraft:cherry_planks":488,"minecraft:cobbled_deepslate_slab":288,"minecraft:redstone":58,"minecraft:tripwire_hook":2,"minecraft:furnace":12,"minecraft:blast_furnace":1,"minecraft:piston":18,"minecraft:mushroom_stew":8,"minecraft:oak_trapdoor":6,"minecraft:diamond_block":90,"minecraft:end_stone_bricks":188,"minecraft:flint_and_steel":1,"minecraft:iron_axe":7,"minecraft:minecart":17,"minecraft:observer":3,"minecraft:cooked_beef":38,"minecraft:sugar":2,"minecraft:red_dye":1,"minecraft:crimson_planks":52,"minecraft:diamond_sword":3,"minecraft:powered_rail":6,"minecraft:iron_sword":1,"minecraft:bowl":4,"minecraft:bucket":8,"minecraft:stone_axe":11,"minecraft:air":0,"minecraft:bread":3,"minecraft:oak_boat":2,"minecraft:white_wool":2503,"minecraft:white_dye":13,"minecraft:cherry_door":3,"minecraft:stonecutter":1,"minecraft:anvil":6,"minecraft:pumpkin_pie":136,"minecraft:torch":216,"minecraft:diamond_chestplate":3,"minecraft:firework_rocket":1320}},"DataVersion":3700}