{"stats":{"minecraft:custom":{"minecraft:jump":88,"minecraft:time_since_rest":8816,"minecraft:damage_taken":30,"minecraft:leave_game":3,"minecraft:play_time":8816,"minecraft:sprint_one_cm":26680,"minecraft:time_since_death":8816,"minecraft:walk_one_cm":4911,"minecraft:total_world_time":8816,"minecraft:fall_one_cm":1891,"minecraft:fly_one_cm":17528},"minecraft:picked_up":{"minecraft:oak_log":1},"minecraft:mined":{"minecraft:oak_log":1,"minecraft:oak_leaves":2},"minecraft:used":{"minecraft:oak_log":1}},"DataVersion":3700}