{"stats":{"minecraft:killed_by":{"minecraft:phantom":1,"minecraft:player":1},"minecraft:custom":{"minecraft:time_since_rest":2211,"minecraft:crouch_one_cm":118,"minecraft:damage_taken":880,"minecraft:leave_game":8,"minecraft:play_time":1433047,"minecraft:time_since_death":2211,"minecraft:walk_one_cm":40,"minecraft:deaths":2,"minecraft:sleep_in_bed":119,"minecraft:sneak_time":1428809,"minecraft:total_world_time":1433047,"minecraft:fall_one_cm":7743,"minecraft:fly_one_cm":263}},"DataVersion":3700}