{"stats":{"minecraft:killed_by":{"minecraft:phantom":1,"minecraft:player":1},"minecraft:custom":{"minecraft:time_since_rest":12499,"minecraft:crouch_one_cm":118,"minecraft:damage_taken":880,"minecraft:leave_game":8,"minecraft:play_time":1453654,"minecraft:time_since_death":22818,"minecraft:walk_one_cm":40,"minecraft:deaths":2,"minecraft:sleep_in_bed":120,"minecraft:sneak_time":1449416,"minecraft:total_world_time":1453654,"minecraft:fall_one_cm":7743,"minecraft:fly_one_cm":263}},"DataVersion":3700}